timestamp,Date,Southern,Northern,Southern_7,Northern_7,Southern_low,Southern_high,Northern_low,Northern_high,Southern_variant,Northern_variant
1583020800.0,3/1/2020,,,,,,,,,,
1583107200.0,3/2/2020,,,,,,,,,,
1583193600.0,3/3/2020,,,,,,,,,,
1583280000.0,3/4/2020,,,,,,,,,,
1583366400.0,3/5/2020,,,,,,,,,,
1583452800.0,3/6/2020,,,,,,,,,,
1583539200.0,3/7/2020,,,,,,,,,,
1583625600.0,3/8/2020,,,,,,,,,,
1583712000.0,3/9/2020,,29,,,,,9,14,,
1583798400.0,3/10/2020,38,15,,21,12,17,5,7,,
1583884800.0,3/11/2020,31,65,34,31,10,15,21,30,,
1583971200.0,3/12/2020,25,36,31,32,8,12,11,17,,
1584057600.0,3/13/2020,,,31,32,0,0,0,0,,
1584144000.0,3/14/2020,16,27,26,31,5,7,9,13,,
1584230400.0,3/15/2020,39,53,28,34,12,18,17,25,,
1584316800.0,3/16/2020,33,23,29,32,10,15,7,11,,
1584403200.0,3/17/2020,106,78,35,43,33,49,24,36,,
1584489600.0,3/18/2020,65,45,39,40,21,30,14,21,,
1584576000.0,3/19/2020,19,49,37,42,6,9,16,23,,
1584662400.0,3/20/2020,,,37,42,0,0,0,0,,
1584748800.0,3/21/2020,,,44,46,0,0,0,0,,
1584835200.0,3/22/2020,,,45,45,0,0,0,0,,
1584921600.0,3/23/2020,146,380,66,90,46,68,120,176,,
1585008000.0,3/24/2020,,321,56,129,0,0,102,148,,
1585094400.0,3/25/2020,30,228,43,192,9,14,72,105,,
1585180800.0,3/26/2020,370,39,117,182,117,171,12,18,,
1585267200.0,3/27/2020,34,299,86,201,11,16,95,138,,
1585353600.0,3/28/2020,,,86,201,0,0,0,0,,
1585440000.0,3/29/2020,,,86,201,0,0,0,0,,
1585526400.0,3/30/2020,46,219,64,180,15,21,69,101,,
1585612800.0,3/31/2020,,,64,155,0,0,0,0,,
1585699200.0,4/1/2020,143,475,95,187,45,66,150,220,,
1585785600.0,4/2/2020,,,61,315,0,0,0,0,,
1585872000.0,4/3/2020,233,438,116,357,74,108,138,202,,
1585958400.0,4/4/2020,,,116,357,0,0,0,0,,
1586044800.0,4/5/2020,,,116,357,0,0,0,0,,
1586131200.0,4/6/2020,,,182,456,0,0,0,0,,
1586217600.0,4/7/2020,310,562,218,489,98,143,178,260,,
1586304000.0,4/8/2020,,,269,496,0,0,0,0,,
1586390400.0,4/9/2020,501,784,331,578,158,231,248,362,,
1586476800.0,4/10/2020,,,394,664,0,0,0,0,,
1586563200.0,4/11/2020,,,394,664,0,0,0,0,,
1586649600.0,4/12/2020,,,394,664,0,0,0,0,,
1586736000.0,4/13/2020,,,394,664,0,0,0,0,,
1586822400.0,4/14/2020,389,702,441,742,123,180,222,324,,
1586908800.0,4/15/2020,,,441,742,0,0,0,0,,
1586995200.0,4/16/2020,138,321,232,474,44,64,101,148,,
1587081600.0,4/17/2020,164,360,206,433,52,76,114,166,,
1587168000.0,4/18/2020,,,206,433,0,0,0,0,,
1587254400.0,4/19/2020,,,206,433,0,0,0,0,,
1587340800.0,4/20/2020,,,206,433,0,0,0,0,,
1587427200.0,4/21/2020,,,150,340,0,0,0,0,,
1587513600.0,4/22/2020,220,541,171,397,70,102,171,250,,
1587600000.0,4/23/2020,179,283,186,381,57,83,90,131,,
1587686400.0,4/24/2020,,,199,391,0,0,0,0,,
1587772800.0,4/25/2020,,,199,391,0,0,0,0,,
1587859200.0,4/26/2020,,,199,391,0,0,0,0,,
1587945600.0,4/27/2020,130,,173,391,41,60,0,0,,
1588032000.0,4/28/2020,97,293,149,355,31,45,93,135,,
1588118400.0,4/29/2020,,,131,288,0,0,0,0,,
1588204800.0,4/30/2020,,,112,293,0,0,0,0,,
1588291200.0,5/1/2020,,,112,293,0,0,0,0,,
1588377600.0,5/2/2020,,,112,293,0,0,0,0,,
1588464000.0,5/3/2020,209,93,138,165,66,96,29,43,,
1588550400.0,5/4/2020,,,142,165,0,0,0,0,,
1588636800.0,5/5/2020,97,94,142,94,31,45,30,44,,
1588723200.0,5/6/2020,5,22,47,58,2,2,7,10,,
1588809600.0,5/7/2020,,,47,58,0,0,0,0,,
1588896000.0,5/8/2020,,,47,58,0,0,0,0,,
1588982400.0,5/9/2020,,,47,58,0,0,0,0,,
1589068800.0,5/10/2020,,,22,46,0,0,0,0,,
1589155200.0,5/11/2020,164,,43,46,52,76,0,0,,
1589241600.0,5/12/2020,,,29,22,0,0,0,0,,
1589328000.0,5/13/2020,,,,,0,0,0,0,,
1589414400.0,5/14/2020,,,,,0,0,0,0,,
1589500800.0,5/15/2020,,,,,0,0,0,0,,
1589587200.0,5/16/2020,,,,,0,0,0,0,,
1589673600.0,5/17/2020,,,,,0,0,0,0,,
1589760000.0,5/18/2020,,,,,0,0,0,0,,
1589846400.0,5/19/2020,,,,,0,0,0,0,,
1589932800.0,5/20/2020,,,,,0,0,0,0,,
1590019200.0,5/21/2020,82,42,,,26,38,13,20,,
1590105600.0,5/22/2020,426,244,,,135,197,77,113,,
1590192000.0,5/23/2020,77,69,,,24,36,22,32,,
1590278400.0,5/24/2020,79,52,121,78,25,36,16,24,,
1590364800.0,5/25/2020,66,42,107,69,21,31,13,19,,
1590451200.0,5/26/2020,97,38,105,62,31,45,12,17,,
1590537600.0,5/27/2020,197,81,115,65,62,91,26,37,,
1590624000.0,5/28/2020,50,35,107,63,16,23,11,16,,
1590710400.0,5/29/2020,28,49,73,50,9,13,15,22,,
1590796800.0,5/30/2020,66,,71,47,21,31,0,0,,
1590883200.0,5/31/2020,79,37,71,45,25,37,12,17,,
1590969600.0,6/1/2020,82,60,73,48,26,38,19,28,,
1591056000.0,6/2/2020,194,95,81,55,61,90,30,44,,
1591142400.0,6/3/2020,35,40,63,49,11,16,13,18,,
1591228800.0,6/4/2020,47,32,63,49,15,22,10,15,,
1591315200.0,6/5/2020,44,45,67,48,14,20,14,21,,
1591401600.0,6/6/2020,19,46,56,48,6,9,15,21,,
1591488000.0,6/7/2020,24,27,47,45,8,11,8,12,,
1591574400.0,6/8/2020,26,19,40,39,8,12,6,9,,
1591660800.0,6/9/2020,52,167,33,42,16,24,53,77,,
1591747200.0,6/10/2020,75,68,37,45,24,35,21,31,,
1591833600.0,6/11/2020,40,134,36,56,13,19,42,62,,
1591920000.0,6/12/2020,45,78,36,60,14,21,25,36,,
1592006400.0,6/13/2020,77,180,44,73,24,36,57,83,,
1592092800.0,6/14/2020,36,,47,86,11,17,0,0,,
1592179200.0,6/15/2020,38,141,50,120,12,17,45,65,,
1592265600.0,6/16/2020,60,118,51,113,19,28,37,55,,
1592352000.0,6/17/2020,19,13,42,86,6,9,4,6,,
1592438400.0,6/18/2020,16,21,37,63,5,7,7,10,,
1592524800.0,6/19/2020,11,37,30,56,3,5,12,17,,
1592611200.0,6/20/2020,12,25,23,40,4,5,8,11,,
1592697600.0,6/21/2020,22,26,21,38,7,10,8,12,,
1592784000.0,6/22/2020,24,,20,30,8,11,0,0,,
1592870400.0,6/23/2020,16,22,17,23,5,8,7,10,,
1592956800.0,6/24/2020,5,10,14,22,2,2,3,4,,
1593043200.0,6/25/2020,9,16,12,21,3,4,5,7,,
1593129600.0,6/26/2020,9,11,12,17,3,4,4,5,,
1593216000.0,6/27/2020,20,15,13,16,6,9,5,7,,
1593302400.0,6/28/2020,8,19,11,15,2,4,6,9,,
1593388800.0,6/29/2020,20,15,11,15,6,9,5,7,,
1593475200.0,6/30/2020,12,22,11,15,4,5,7,10,,
1593561600.0,7/1/2020,15,27,12,17,5,7,8,12,,
1593648000.0,7/2/2020,52,29,16,19,16,24,9,14,,
1593734400.0,7/3/2020,20,43,18,23,6,9,14,20,,
1593820800.0,7/4/2020,35,15,19,23,11,16,5,7,,
1593907200.0,7/5/2020,11,13,20,21,4,5,4,6,,
1593993600.0,7/6/2020,17,34,20,24,5,8,11,16,,
1594080000.0,7/7/2020,24,37,22,26,8,11,12,17,,
1594166400.0,7/8/2020,14,30,22,26,4,6,9,14,,
1594252800.0,7/9/2020,27,21,20,25,9,13,7,10,,
1594339200.0,7/10/2020,9,36,18,24,3,4,11,16,,
1594425600.0,7/11/2020,24,21,17,26,8,11,7,10,,
1594512000.0,7/12/2020,27,46,19,31,9,13,15,21,,
1594598400.0,7/13/2020,25,32,20,31,8,12,10,15,,
1594684800.0,7/14/2020,17,32,19,30,6,8,10,15,,
1594771200.0,7/15/2020,35,30,22,30,11,16,9,14,,
1594857600.0,7/16/2020,23,25,21,31,7,11,8,11,,
1594944000.0,7/17/2020,22,43,24,32,7,10,14,20,,
1595030400.0,7/18/2020,42,26,26,32,13,20,8,12,,
1595116800.0,7/19/2020,23,14,26,27,7,11,5,7,,
1595203200.0,7/20/2020,31,20,27,26,10,15,6,9,,
1595289600.0,7/21/2020,12,17,25,24,4,6,5,8,,
1595376000.0,7/22/2020,35,28,25,23,11,16,9,13,,
1595462400.0,7/23/2020,15,23,24,23,5,7,7,11,,
1595548800.0,7/24/2020,26,57,24,24,8,12,18,26,,
1595635200.0,7/25/2020,24,41,22,26,8,11,13,19,,
1595721600.0,7/26/2020,14,33,21,29,5,7,10,15,,
1595808000.0,7/27/2020,28,31,20,31,9,13,10,14,,
1595894400.0,7/28/2020,,,22,34,0,0,0,0,,
1595980800.0,7/29/2020,30,24,22,33,9,14,8,11,,
1596067200.0,7/30/2020,,,24,35,0,0,0,0,,
1596153600.0,7/31/2020,29,81,24,38,9,13,25,37,,
1596240000.0,8/1/2020,,,24,37,0,0,0,0,,
1596326400.0,8/2/2020,,,29,39,0,0,0,0,,
1596412800.0,8/3/2020,109,109,46,59,35,51,34,50,,
1596499200.0,8/4/2020,74,47,51,56,23,34,15,22,,
1596585600.0,8/5/2020,101,43,70,65,32,47,14,20,,
1596672000.0,8/6/2020,27,48,57,61,8,12,15,22,,
1596758400.0,8/7/2020,18,41,52,53,6,8,13,19,,
1596844800.0,8/8/2020,,,52,53,0,0,0,0,,
1596931200.0,8/9/2020,,,52,53,0,0,0,0,,
1597017600.0,8/10/2020,42,62,43,48,13,20,20,29,,
1597104000.0,8/11/2020,,,38,48,0,0,0,0,,
1597190400.0,8/12/2020,27,57,27,52,8,12,18,27,,
1597276800.0,8/13/2020,,,27,53,0,0,0,0,,
1597363200.0,8/14/2020,18,45,27,55,6,8,14,21,,
1597449600.0,8/15/2020,,,27,55,0,0,0,0,,
1597536000.0,8/16/2020,,,27,55,0,0,0,0,,
1597622400.0,8/17/2020,24,44,23,48,8,11,14,20,,
1597708800.0,8/18/2020,,,23,48,0,0,0,0,,
1597795200.0,8/19/2020,50,87,28,56,16,23,27,40,,
1597881600.0,8/20/2020,,,28,56,0,0,0,0,,
1597968000.0,8/21/2020,35,60,35,61,11,16,19,28,,
1598054400.0,8/22/2020,,,35,61,0,0,0,0,,
1598140800.0,8/23/2020,,,35,61,0,0,0,0,,
1598227200.0,8/24/2020,21,38,33,58,7,10,12,17,,
1598313600.0,8/25/2020,,,33,58,0,0,0,0,,
1598400000.0,8/26/2020,31,48,28,48,10,15,15,22,,
1598486400.0,8/27/2020,,,28,48,0,0,0,0,,
1598572800.0,8/28/2020,38,60,29,48,12,17,19,27,,
1598659200.0,8/29/2020,,,29,48,0,0,0,0,,
1598745600.0,8/30/2020,,,29,48,0,0,0,0,,
1598832000.0,8/31/2020,47,61,38,56,15,22,19,28,,
1598918400.0,9/1/2020,,,38,56,0,0,0,0,,
1599004800.0,9/2/2020,54,144,46,81,17,25,46,67,,
1599091200.0,9/3/2020,,,46,81,0,0,0,0,,
1599177600.0,9/4/2020,52,138,51,107,17,24,44,64,,
1599264000.0,9/5/2020,,,51,107,0,0,0,0,,
1599350400.0,9/6/2020,,,51,107,0,0,0,0,,
1599436800.0,9/7/2020,65,59,57,105,20,30,19,27,,
1599523200.0,9/8/2020,,,57,105,0,0,0,0,,
1599609600.0,9/9/2020,71,46,62,72,22,33,15,21,,
1599696000.0,9/10/2020,38,59,55,69,12,17,19,27,,
1599782400.0,9/11/2020,52,46,55,52,17,24,15,21,,
1599868800.0,9/12/2020,19,51,44,52,6,9,16,24,,
1599955200.0,9/13/2020,25,44,40,51,8,11,14,20,,
1600041600.0,9/14/2020,27,49,35,49,8,12,15,22,,
1600128000.0,9/15/2020,70,45,38,48,22,32,14,21,,
1600214400.0,9/16/2020,68,48,38,49,21,31,15,22,,
1600300800.0,9/17/2020,36,54,38,48,11,17,17,25,,
1600387200.0,9/18/2020,45,75,37,51,14,21,24,34,,
1600473600.0,9/19/2020,53,31,43,48,17,24,10,14,,
1600560000.0,9/20/2020,85,32,51,46,27,39,10,15,,
1600646400.0,9/21/2020,61,24,58,41,19,28,7,11,,
1600732800.0,9/22/2020,41,44,53,41,13,19,14,20,,
1600819200.0,9/23/2020,46,41,51,40,15,21,13,19,,
1600905600.0,9/24/2020,46,31,52,37,15,21,10,14,,
1600992000.0,9/25/2020,60,34,55,33,19,28,11,16,,
1601078400.0,9/26/2020,,,55,34,0,0,0,0,,
1601164800.0,9/27/2020,,,50,34,0,0,0,0,,
1601251200.0,9/28/2020,46,43,47,38,15,21,14,20,,
1601337600.0,9/29/2020,,,49,37,0,0,0,0,,
1601424000.0,9/30/2020,58,21,52,31,18,27,7,10,,
1601510400.0,10/1/2020,,,54,31,0,0,0,0,,
1601596800.0,10/2/2020,68,34,57,31,22,32,11,16,,
1601683200.0,10/3/2020,,,57,31,0,0,0,0,,
1601769600.0,10/4/2020,,,57,31,0,0,0,0,,
1601856000.0,10/5/2020,63,38,63,30,20,29,12,17,,
1601942400.0,10/6/2020,,,63,30,0,0,0,0,,
1602028800.0,10/7/2020,59,70,63,45,19,27,22,33,,
1602115200.0,10/8/2020,,,63,45,0,0,0,0,,
1602201600.0,10/9/2020,66,56,63,53,21,31,18,26,,
1602288000.0,10/10/2020,,,63,53,0,0,0,0,,
1602374400.0,10/11/2020,,,63,53,0,0,0,0,,
1602460800.0,10/12/2020,63,52,63,59,20,29,16,24,,
1602547200.0,10/13/2020,,,63,59,0,0,0,0,,
1602633600.0,10/14/2020,103,71,76,59,32,47,22,33,,
1602720000.0,10/15/2020,,,76,59,0,0,0,0,,
1602806400.0,10/16/2020,105,101,88,72,33,49,32,46,,
1602892800.0,10/17/2020,,,88,72,0,0,0,0,,
1602979200.0,10/18/2020,121,263,95,99,38,56,83,121,,
1603065600.0,10/19/2020,259,116,136,122,82,120,37,54,,
1603152000.0,10/20/2020,175,130,143,123,55,81,41,60,,
1603238400.0,10/21/2020,271,95,173,131,86,125,30,44,,
1603324800.0,10/22/2020,214,131,179,131,68,99,42,61,,
1603411200.0,10/23/2020,120,103,183,131,38,55,33,48,,
1603497600.0,10/24/2020,118,132,172,132,37,54,42,61,,
1603584000.0,10/25/2020,179,126,182,118,57,83,40,58,,
1603670400.0,10/26/2020,120,120,163,119,38,55,38,55,,
1603756800.0,10/27/2020,173,129,163,119,55,80,41,60,,
1603843200.0,10/28/2020,156,190,150,131,49,72,60,88,,
1603929600.0,10/29/2020,92,97,133,126,29,43,31,45,,
1604016000.0,10/30/2020,134,201,135,138,42,62,64,93,,
1604102400.0,10/31/2020,68,148,125,140,21,31,47,68,,
1604188800.0,11/1/2020,145,139,122,142,46,67,44,64,,
1604275200.0,11/2/2020,181,186,129,151,57,84,59,86,,
1604361600.0,11/3/2020,256,317,136,172,81,118,100,146,,
1604448000.0,11/4/2020,177,183,139,171,56,82,58,85,,
1604534400.0,11/5/2020,269,354,162,206,85,124,112,163,,
1604620800.0,11/6/2020,206,207,172,207,65,95,65,96,,
1604707200.0,11/7/2020,240,221,206,219,76,111,70,102,,
1604793600.0,11/8/2020,270,322,225,247,85,125,102,149,,
1604880000.0,11/9/2020,273,226,239,254,86,126,71,105,,
1604966400.0,11/10/2020,291,339,243,257,92,135,107,157,,
1605052800.0,11/11/2020,244,396,255,287,77,113,125,183,,
1605139200.0,11/12/2020,341,318,263,282,108,158,101,147,,
1605225600.0,11/13/2020,255,301,272,298,81,118,95,139,,
1605312000.0,11/14/2020,359,313,288,313,114,166,99,145,,
1605398400.0,11/15/2020,382,286,302,307,121,177,90,132,,
1605484800.0,11/16/2020,300,311,307,322,95,139,98,143,,
1605571200.0,11/17/2020,428,412,324,331,135,198,130,190,,
1605657600.0,11/18/2020,380,353,345,325,120,176,112,163,,
1605744000.0,11/19/2020,211,384,322,334,67,97,121,177,,
1605830400.0,11/20/2020,305,371,330,344,96,141,117,171,,
1605916800.0,11/21/2020,270,385,317,355,85,125,122,178,,
1606003200.0,11/22/2020,411,435,320,377,130,190,138,201,,
1606089600.0,11/23/2020,553,267,350,369,175,256,84,123,,
1606176000.0,11/24/2020,526,518,360,381,166,243,164,239,,
1606262400.0,11/25/2020,497,459,374,395,157,230,145,212,,
1606348800.0,11/26/2020,1052,495,471,410,333,486,156,229,,
1606435200.0,11/27/2020,568,561,515,435,179,262,177,259,,
1606521600.0,11/28/2020,748,546,595,457,236,346,173,252,,
1606608000.0,11/29/2020,646,520,635,469,204,299,164,240,,
1606694400.0,11/30/2020,771,675,666,536,244,356,213,312,,
1606780800.0,12/1/2020,537,862,668,576,170,248,272,398,,
1606867200.0,12/2/2020,431,857,655,630,136,199,271,396,,
1606953600.0,12/3/2020,824,888,632,685,260,381,280,410,,
1607040000.0,12/4/2020,1578,1384,732,779,499,729,438,640,,
1607126400.0,12/5/2020,647,956,716,844,204,299,302,441,,
1607212800.0,12/6/2020,1042,1035,767,931,329,481,327,478,,
1607299200.0,12/7/2020,1135,1219,811,1013,359,524,385,563,,
1607385600.0,12/8/2020,827,725,862,988,261,382,229,335,,
1607472000.0,12/9/2020,784,629,939,945,248,362,199,291,,
1607558400.0,12/10/2020,954,812,959,933,301,441,257,375,,
1607644800.0,12/11/2020,882,1146,883,909,279,408,362,529,,
1607731200.0,12/12/2020,764,1023,904,918,241,353,323,473,,
1607817600.0,12/13/2020,1013,1356,900,954,320,468,428,626,,
1607904000.0,12/14/2020,1272,1195,915,951,402,588,378,552,,
1607990400.0,12/15/2020,790,202,909,792,249,365,64,93,,
1608076800.0,12/16/2020,922,877,930,831,292,426,277,405,,
1608163200.0,12/17/2020,1143,1111,955,869,361,528,351,513,,
1608249600.0,12/18/2020,793,1048,940,858,250,366,331,484,,
1608336000.0,12/19/2020,674,1176,924,875,213,311,372,543,,
1608422400.0,12/20/2020,950,897,915,825,300,439,284,415,,
1608508800.0,12/21/2020,923,775,874,775,292,426,245,358,,
1608595200.0,12/22/2020,999,995,904,974,316,462,315,460,,
1608681600.0,12/23/2020,1058,841,922,968,334,489,266,389,,
1608768000.0,12/24/2020,844,985,883,952,267,390,311,455,,
1608854400.0,12/25/2020,851,907,892,932,269,393,287,419,,
1608940800.0,12/26/2020,531,551,862,836,168,245,174,255,,
1609027200.0,12/27/2020,309,1208,734,873,97,143,382,558,,
1609113600.0,12/28/2020,813,1448,721,954,257,375,458,669,,
1609200000.0,12/29/2020,1014,774,722,921,321,469,245,358,,
1609286400.0,12/30/2020,922,1451,708,995,291,426,458,670,,
1609372800.0,12/31/2020,831,792,707,965,263,384,250,366,,
1609459200.0,1/1/2021,733,473,692,879,232,339,149,219,,
1609545600.0,1/2/2021,820,367,736,829,259,379,116,169,,
1609632000.0,1/3/2021,1120,395,885,707,354,517,125,183,,
1609718400.0,1/4/2021,1154,546,931,615,365,533,172,252,,
1609804800.0,1/5/2021,972,942,925,632,307,449,298,435,,
1609891200.0,1/6/2021,1323,1061,974,605,418,611,335,490,,
1609977600.0,1/7/2021,1061,1051,1008,630,335,490,332,485,,
1610064000.0,1/8/2021,1747,1329,1141,730,552,807,420,614,,
1610150400.0,1/9/2021,1803,1411,1278,885,570,833,446,652,,
1610236800.0,1/10/2021,1717,1180,1358,1034,543,793,373,545,,
1610323200.0,1/11/2021,2069,1013,1476,1130,654,956,320,468,,
1610409600.0,1/12/2021,902,920,1460,1126,285,417,291,425,,
1610496000.0,1/13/2021,1122,983,1426,1114,354,518,311,454,,
1610582400.0,1/14/2021,943,951,1403,1098,298,436,300,439,,
1610668800.0,1/15/2021,750,1112,1243,1071,237,347,351,514,,
1610755200.0,1/16/2021,971,672,1138,963,307,449,212,310,,
1610841600.0,1/17/2021,959,581,1047,870,303,443,184,269,,
1610928000.0,1/18/2021,1141,603,962,808,360,527,191,279,,
1611014400.0,1/19/2021,1255,966,1008,814,396,580,305,446,,
1611100800.0,1/20/2021,619,422,926,721,196,286,134,195,,
1611187200.0,1/21/2021,494,591,844,674,156,228,187,273,,
1611273600.0,1/22/2021,670,690,831,629,212,310,218,319,,
1611360000.0,1/23/2021,1085,866,844,653,343,501,274,400,,
1611446400.0,1/24/2021,1777,663,922,665,561,821,210,306,,
1611532800.0,1/25/2021,3772,631,1094,669,1192,1743,199,291,,
1611619200.0,1/26/2021,708,290,1008,564,224,327,92,134,,
1611705600.0,1/27/2021,269,350,894,549,85,124,111,162,,
1611792000.0,1/28/2021,747,421,949,523,236,345,133,195,,
1611878400.0,1/29/2021,706,329,956,470,223,326,104,152,,
1611964800.0,1/30/2021,465,490,847,434,147,215,155,226,,
1612051200.0,1/31/2021,444,397,695,403,140,205,125,183,,
1612137600.0,2/1/2021,499,363,520,372,158,231,115,168,,
1612224000.0,2/2/2021,422,274,483,369,133,195,87,127,,
1612310400.0,2/3/2021,360,283,504,358,114,166,89,131,,
1612396800.0,2/4/2021,360,249,454,332,114,166,79,115,,
1612483200.0,2/5/2021,270,366,396,338,85,125,116,169,,
1612569600.0,2/6/2021,519,434,402,332,164,240,137,200,,
1612656000.0,2/7/2021,750,295,433,318,237,346,93,136,,
1612742400.0,2/8/2021,492,412,432,324,155,227,130,190,,
1612828800.0,2/9/2021,347,315,420,330,110,160,100,146,,
1612915200.0,2/10/2021,213,225,390,320,67,98,71,104,,
1613001600.0,2/11/2021,471,382,405,340,149,218,121,177,,
1613088000.0,2/12/2021,286,358,409,339,90,132,113,165,,
1613174400.0,2/13/2021,265,285,371,319,84,123,90,131,,
1613260800.0,2/14/2021,543,283,355,317,172,251,89,131,,
1613347200.0,2/15/2021,500,155,355,276,158,231,49,72,,
1613433600.0,2/16/2021,663,190,390,257,210,306,60,88,,
1613520000.0,2/17/2021,326,232,414,258,103,151,73,107,,
1613606400.0,2/18/2021,476,412,415,261,150,220,130,190,,
1613692800.0,2/19/2021,256,579,408,279,81,118,183,268,,
1613779200.0,2/20/2021,318,182,419,262,101,147,58,84,,
1613865600.0,2/21/2021,848,308,447,265,268,392,97,142,,
1613952000.0,2/22/2021,687,386,468,302,217,318,122,178,,
1614038400.0,2/23/2021,279,163,413,295,88,129,52,75,,
1614124800.0,2/24/2021,306,260,409,300,97,141,82,120,,
1614211200.0,2/25/2021,159,193,350,269,50,73,61,89,,
1614297600.0,2/26/2021,135,124,320,216,43,62,39,57,,
1614384000.0,2/27/2021,385,243,328,225,122,178,77,112,,
1614470400.0,2/28/2021,356,211,290,213,113,165,67,97,,
1614556800.0,3/1/2021,409,251,269,201,129,189,79,116,,
1614643200.0,3/2/2021,270,218,268,209,85,125,69,101,,
1614729600.0,3/3/2021,291,279,266,211,92,135,88,129,,
1614816000.0,3/4/2021,797,332,335,228,252,368,105,153,,
1614902400.0,3/5/2021,417,287,394,257,132,193,91,133,,
1614988800.0,3/6/2021,352,190,389,248,111,163,60,88,,
1615075200.0,3/7/2021,307,191,381,245,97,142,60,88,,
1615161600.0,3/8/2021,399,284,379,249,126,184,90,131,"B.1.1.7 
Det","B.1.1.7 
Det"
1615248000.0,3/9/2021,236,217,372,249,75,109,68,100,,
1615334400.0,3/10/2021,206,208,354,239,65,95,66,96,,
1615420800.0,3/11/2021,326,185,311,220,103,150,58,85,,
1615507200.0,3/12/2021,300,364,297,227,95,139,115,168,,
1615593600.0,3/13/2021,272,366,286,249,86,126,116,169,,
1615680000.0,3/14/2021,362,235,293,257,114,167,74,109,,
1615766400.0,3/15/2021,447,310,298,260,141,206,98,143,,
1615852800.0,3/16/2021,374,216,318,260,118,173,68,100,,
1615939200.0,3/17/2021,260,266,329,269,82,120,84,123,,
1616025600.0,3/18/2021,328,415,329,302,104,151,131,192,,
1616112000.0,3/19/2021,281,259,326,288,89,130,82,119,,
1616198400.0,3/20/2021,338,382,337,290,107,156,121,176,"B.1.1.7 
Det","B.1.1.7 
Det"
1616284800.0,3/21/2021,710,227,371,288,224,328,72,105,"B.1.1.7 
Det","B.1.1.7 
Det"
1616371200.0,3/22/2021,566,286,383,285,179,261,90,132,"B.1.1.7 
Det","B.1.1.7 
Det"
1616457600.0,3/23/2021,287,286,369,296,91,133,90,132,"B.1.1.7 
Det","B.1.1.7 
Det"
1616544000.0,3/24/2021,431,245,397,293,136,199,77,113,"B.1.1.7 
Det","B.1.1.7 
Det"
1616630400.0,3/25/2021,227,266,376,275,72,105,84,123,"B.1.1.7 
Det","B.1.1.7 
Det"
1616716800.0,3/26/2021,340,209,387,267,108,157,66,97,"B.1.1.7 
Det","B.1.1.7 
Det"
1616803200.0,3/27/2021,435,313,401,259,138,201,99,145,"B.1.1.7 
Det","B.1.1.7 
Det"
1616889600.0,3/28/2021,406,218,370,258,128,187,69,101,"B.1.1.7 
Det","B.1.1.7 
Det"
1616976000.0,3/29/2021,441,276,357,257,139,204,87,127,"B.1.1.7 
Det","B.1.1.7 
Det"
1617062400.0,3/30/2021,335,212,365,246,106,155,67,98,"B.1.1.7 
Det","B.1.1.7 
Det"
1617148800.0,3/31/2021,300,107,347,218,95,139,34,49,"B.1.1.7 
Det","B.1.1.7 
Det"
1617235200.0,4/1/2021,538,233,392,214,170,248,74,107,"B.1.1.7 
Det","B.1.1.7 
Det"
1617321600.0,4/2/2021,434,246,406,219,137,200,78,114,"B.1.1.7 
Det","B.1.1.7 
Det"
1617408000.0,4/3/2021,264,177,378,202,83,122,56,82,"B.1.1.7 
Det","B.1.1.7 
Det"
1617494400.0,4/4/2021,249,388,353,220,79,115,123,179,"B.1.1.7 
Det","B.1.1.7 
Det"
1617580800.0,4/5/2021,390,273,346,219,123,180,86,126,"B.1.1.7 
Det","B.1.1.7 
Det"
1617667200.0,4/6/2021,425,233,358,222,134,197,74,108,"B.1.1.7 
Det","B.1.1.7 
Det"
1617753600.0,4/7/2021,261,222,351,247,83,121,70,103,"B.1.1.7 
Det","B.1.1.7 
Det"
1617840000.0,4/8/2021,284,247,321,249,90,131,78,114,"B.1.1.7 
Det","B.1.1.7 
Det"
1617926400.0,4/9/2021,392,300,316,256,124,181,95,139,"B.1.1.7 
Det","B.1.1.7 
Det"
1618012800.0,4/10/2021,441,349,340,282,139,204,110,161,"B.1.1.7 
Det","B.1.1.7 
Det"
1618099200.0,4/11/2021,471,287,373,270,149,218,91,132,"B.1.1.7 
Det","B.1.1.7 
Det"
1618185600.0,4/12/2021,242,338,348,278,76,112,107,156,"B.1.1.7 
Det","B.1.1.7 
Det"
1618272000.0,4/13/2021,253,170,323,266,80,117,54,78,"B.1.1.7 
Det","B.1.1.7 
Det"
1618358400.0,4/14/2021,356,240,338,269,113,165,76,111,"B.1.1.7 
Det","B.1.1.7 
Det"
1618444800.0,4/15/2021,330,237,345,267,104,152,75,109,"B.1.1.7 
Det","B.1.1.7 
Det"
1618531200.0,4/16/2021,245,178,323,248,77,113,56,82,"B.1.1.7 
Det","B.1.1.7 
Det"
1618617600.0,4/17/2021,214,271,291,240,68,99,86,125,"B.1.1.7 
Det","B.1.1.7 
NQ"
1618704000.0,4/18/2021,340,245,278,234,107,157,78,113,"B.1.1.7 
NQ","B.1.1.7 
Det"
1618790400.0,4/19/2021,177,181,266,214,56,82,57,83,"B.1.1.7 
Det","B.1.1.7 
Det"
1618876800.0,4/20/2021,198,131,257,207,62,91,41,61,"B.1.1.7 
Det","B.1.1.7 
Det"
1618963200.0,4/21/2021,203,158,237,194,64,94,50,73,"B.1.1.7 
59%","B.1.1.7 
50%"
1619049600.0,4/22/2021,355,108,239,174,112,164,34,50,"B.1.1.7 
74%","B.1.1.7 
53%"
1619136000.0,4/23/2021,192,80,231,155,61,89,25,37,"B.1.1.7 
83%","B.1.1.7 
ND"
1619222400.0,4/24/2021,287,127,241,139,91,133,40,59,"B.1.1.7 
58%","B.1.1.7 
58%"
1619308800.0,4/25/2021,238,176,229,133,75,110,56,81,"B.1.1.7 
63%","B.1.1.7 
60%"
1619395200.0,4/26/2021,209,154,235,130,66,96,49,71,"B.1.1.7 
64%","B.1.1.7 
49%"
1619481600.0,4/27/2021,139,107,223,126,44,64,34,49,"B.1.1.7 
59%","B.1.1.7 
58%"
1619568000.0,4/28/2021,157,102,215,118,50,72,32,47,"B.1.1.7 
76%","B.1.1.7 
66%"
1619654400.0,4/29/2021,231,133,202,122,73,107,42,61,"B.1.1.7 
64%","B.1.1.7 
58%"
1619740800.0,4/30/2021,154,78,196,121,49,71,25,36,"B.1.1.7 
62%","B.1.1.7 
80%"
1619827200.0,5/1/2021,109,97,171,117,35,51,31,45,"B.1.1.7 
55%","B.1.1.7 
67%"
1619913600.0,5/2/2021,214,75,168,103,68,99,24,35,,"B.1.1.7 
Det/NQ"
1620000000.0,5/3/2021,100,67,151,92,32,46,21,31,"B.1.1.7 
78%","B.1.1.7 
Det/NQ"
1620086400.0,5/4/2021,89,91,142,90,28,41,29,42,,
1620172800.0,5/5/2021,141,84,140,87,45,65,27,39,"B.1.1.7 
61%","B.1.1.7 
Det/NQ"
1620259200.0,5/6/2021,110,96,126,83,35,51,30,44,"B.1.1.7 
Det/NQ","B.1.1.7 
Det/NQ"
1620345600.0,5/7/2021,69,69,112,82,22,32,22,32,"B.1.1.7 
Det/NQ","B.1.1.7 
Det/NQ"
1620432000.0,5/8/2021,45,75,99,79,14,21,24,35,"B.1.1.7 
42%","B.1.1.7 
Det/NQ"
1620518400.0,5/9/2021,55,87,81,81,17,25,27,40,"B.1.1.7 
63%","B.1.1.7 
50%"
1620604800.0,5/10/2021,86,66,80,80,27,40,21,30,"B.1.1.7 
63%","B.1.1.7 
Det/NQ"
1620691200.0,5/11/2021,40,23,71,66,13,18,7,11,"B.1.1.7 
36%","B.1.1.7 
70%"
1620777600.0,5/12/2021,36,60,58,63,12,17,19,28,"B.1.1.7 
57%","B.1.1.7 
51%"
1620864000.0,5/13/2021,78,62,56,59,25,36,19,28,"B.1.1.7 
34%","B.1.1.7 
73%"
1620950400.0,5/14/2021,72,56,56,57,23,33,18,26,"B.1.1.7 
74%","B.1.1.7 
79%"
1621036800.0,5/15/2021,70,49,60,54,22,32,15,23,"B.1.1.7 
37%","B.1.1.7 
87%"
1621123200.0,5/16/2021,82,36,63,48,26,38,11,17,"B.1.1.7 
67%","B.1.1.7 
66%"
1621209600.0,5/17/2021,73,44,62,45,23,34,14,20,"B.1.1.7 
70%","B.1.1.7 
60%"
1621296000.0,5/18/2021,102,29,71,46,32,47,9,13,"B.1.1.7 
82%","B.1.1.7 
80%"
1621382400.0,5/19/2021,67,31,77,42,21,31,10,14,"B.1.1.7 
81%","B.1.1.7 
78%"
1621468800.0,5/20/2021,60,57,74,42,19,28,18,26,"B.1.1.7 
56%","B.1.1.7 
75%"
1621555200.0,5/21/2021,56,48,72,41,18,26,15,22,"B.1.1.7 
64%","B.1.1.7 
82%"
1621641600.0,5/22/2021,38,43,66,40,12,18,14,20,"B.1.1.7 
73%","B.1.1.7 
59%"
1621728000.0,5/23/2021,42,18,60,36,13,19,6,8,"B.1.1.7 
46%","B.1.1.7 
88%"
1621814400.0,5/24/2021,61,40,58,36,19,28,13,19,"B.1.1.7 
43%","B.1.1.7 
15%"
1621900800.0,5/25/2021,56,30,53,36,18,26,9,14,"B.1.1.7 
31%","B.1.1.7 
77%"
1621987200.0,5/26/2021,35,20,49,34,11,16,6,9,"B.1.1.7 
66%","B.1.1.7 
90%"
1622073600.0,5/27/2021,41,21,46,29,13,19,7,10,"B.1.1.7 
41%","B.1.1.7 
72%"
1622160000.0,5/28/2021,34,26,43,27,11,16,8,12,"B.1.1.7 
42%","B.1.1.7 
82%"
1622246400.0,5/29/2021,30,12,42,22,10,14,4,5,"B.1.1.7 
66%","B.1.1.7 
Det/NQ"
1622332800.0,5/30/2021,28,21,39,23,9,13,6,9,"B.1.1.7 
53%","B.1.1.7 
Det/NQ"
1622419200.0,5/31/2021,32,15,36,20,10,15,5,7,"B.1.1.7 
82%","B.1.1.7 
Det/NQ"
1622505600.0,6/1/2021,36,30,34,20,11,17,9,14,"B.1.1.7 
18%","B.1.1.7 
80%"
1622592000.0,6/2/2021,24,28,32,21,8,11,9,13,,
1622678400.0,6/3/2021,25,24,30,21,8,11,8,11,,
1622764800.0,6/4/2021,36,20,30,20,11,17,6,9,,
1622851200.0,6/5/2021,,38,30,24,,,12,17,,
1622937600.0,6/6/2021,19,24,28,25,6,9,8,11,,
1623024000.0,6/7/2021,27,29,27,27,8,12,9,13,,
1623110400.0,6/8/2021,17,15,24,24,6,8,5,7,,
1623196800.0,6/9/2021,26,14,24,22,8,12,4,6,,
1623283200.0,6/10/2021,23,33,24,23,7,10,10,15,,
1623369600.0,6/11/2021,44,40,25,25,14,20,13,18,,
1623456000.0,6/12/2021,20,32,24,25,6,9,10,15,,
1623542400.0,6/13/2021,19,20,24,24,6,9,6,9,,
1623628800.0,6/14/2021,15,11,22,21,5,7,3,5,,
1623715200.0,6/15/2021,7,9,19,20,2,3,3,4,,
1623801600.0,6/16/2021,6,13,16,19,2,3,4,6,,
1623888000.0,6/17/2021,19,16,15,18,6,9,5,8,,
1623974400.0,6/18/2021,7,16,12,15,2,3,5,7,,
1624060800.0,6/19/2021,6,11,10,13,2,3,4,5,,
1624147200.0,6/20/2021,88,15,13,13,28,41,5,7,,
1624233600.0,6/21/2021,23,19,13,14,7,10,6,9,,
1624320000.0,6/22/2021,13,17,15,15,4,6,5,8,,
1624406400.0,6/23/2021,11,18,16,16,4,5,6,8,,
1624492800.0,6/24/2021 ND,,33,12,17,,,10,15,,
1624579200.0,6/25/2021,5,31,11,19,2,2,10,14,,
1624665600.0,6/26/2021,18,14,13,20,6,8,4,6,,
1624752000.0,6/27/2021,7,13,9,20,2,3,4,6,,
1624838400.0,6/28/2021,17,52,9,23,6,8,16,24,,
1624924800.0,6/29/2021,87,56,11,27,28,40,18,26,,
1625011200.0,6/30/2021,106,23,16,28,33,49,7,11,,
1625097600.0,7/1/2021,4,19,17,26,1,2,6,9,,
1625184000.0,7/2/2021,27,40,21,27,9,13,13,18,,
1625270400.0,7/3/2021,28,45,23,31,9,13,14,21,,
1625356800.0,7/4/2021,30,61,28,39,9,14,19,28,,
1625443200.0,7/5/2021,53,28,33,36,17,24,9,13,,
1625529600.0,7/6/2021,39,27,29,32,12,18,9,13,,
1625616000.0,7/7/2021 ND,,38,17,35,,,12,17,,
1625702400.0,7/8/2021,52,50,25,40,16,24,16,23,,
1625788800.0,7/9/2021,42,76,26,44,13,19,24,35,,
1625875200.0,7/10/2021,51,73,29,47,16,23,23,34,,
1625961600.0,7/11/2021,96,52,34,46,30,44,17,24,,
1626048000.0,7/12/2021,62,87,35,54,20,29,27,40,,
1626134400.0,7/13/2021,,59 ND,37,38,19,27,,,,
1626220800.0,7/14/2021,54,102,58,44,17,25,32,47,,
1626307200.0,7/15/2021,29,59,53,45,9,14,19,27,,
1626393600.0,7/16/2021,65,80,56,45,20,30,25,37,,
1626480000.0,7/17/2021,103,57,62,44,32,47,18,26,,
1626566400.0,7/18/2021,101,118,63,49,32,47,37,54,,
1626652800.0,7/19/2021,97,163,67,54,31,45,51,75,,
1626739200.0,7/20/2021,42,126,64,94,13,19,40,58,,
1626825600.0,7/21/2021,80,167,67,101,25,37,53,77,,
1626912000.0,7/22/2021,95,136,80,114,30,44,43,63,,
1626998400.0,7/23/2021,188,202,93,130,59,87,64,93,,
1627084800.0,7/24/2021,215,148,103,149,68,100,47,69,,
1627171200.0,7/25/2021,260,249,118,166,82,120,79,115,,
1627257600.0,7/26/2021,302,263,139,178,95,139,83,121,,
1627344000.0,7/27/2021,235,181,178,187,74,109,57,84,,
1627430400.0,7/28/2021,243,279,209,202,77,112,88,129,,
1627516800.0,7/29/2021,161,200,225,213,51,74,63,93,,
1627603200.0,7/30/2021,209,184,228,210,66,96,58,85,,
1627689600.0,7/31/2021,475,135,256,207,150,219,43,62,,
1627776000.0,8/1/2021,504,223,281,204,159,233,71,103,,
1627862400.0,8/2/2021,561,213,307,198,177,259,67,98,,
1627948800.0,8/3/2021,222,171,305,196,70,102,54,79,,
1628035200.0,8/4/2021,95,144,267,179,30,44,46,67,,
1628121600.0,8/5/2021,544,161,317,173,172,251,51,74,,
1628208000.0,8/6/2021,202,186,316,173,64,93,59,86,,
1628294400.0,8/7/2021,330,665,300,218,104,152,210,307,,
1628380800.0,8/8/2021,465,659,296,254,147,215,208,304,,
1628467200.0,8/9/2021,563,691,296,301,178,260,218,319,,
1628553600.0,8/10/2021,405,329,323,330,128,187,104,152,,
1628640000.0,8/11/2021,202,240,359,355,64,93,76,111,,
1628726400.0,8/12/2021,287,681,328,437,91,133,215,314,,
1628812800.0,8/13/2021,303,376,348,483,96,140,119,174,,
1628899200.0,8/14/2021,293,363,342,443,93,136,115,168,,
1628985600.0,8/15/2021,308,306,322,397,97,142,97,141,,
1629072000.0,8/16/2021,305,325,295,356,96,141,103,150,,
1629158400.0,8/17/2021,229,335,272,357,72,106,106,155,,
1629244800.0,8/18/2021,153,229,261,355,48,71,72,106,,
1629331200.0,8/19/2021,301,227,263,303,95,139,72,105,,
1629417600.0,8/20/2021,274,320,260,296,87,127,101,148,,
1629504000.0,8/21/2021,178,695,242,325,56,82,220,321,,
1629590400.0,8/22/2021,245,315,234,327,77,113,99,145,,
1629676800.0,8/23/2021,178,249,217,314,56,82,79,115,,
1629763200.0,8/24/2021,178,290,209,308,56,82,92,134,,
1629849600.0,8/25/2021,451,385,244,332,143,209,122,178,,
1629936000.0,8/26/2021,344,383,249,358,109,159,121,177,,
1630022400.0,8/27/2021,416,444,264,375,131,192,140,205,,
1630108800.0,8/28/2021,603,408,314,347,191,279,129,189,,
1630195200.0,8/29/2021,463,304,344,346,146,214,96,140,,
1630281600.0,8/30/2021,532,320,402,358,168,246,101,148,,
1630368000.0,8/31/2021,779,347,497,367,246,360,110,160,,
1630454400.0,9/1/2021,334,164,476,325,106,154,52,76,,
1630540800.0,9/2/2021,262,205,458,298,83,121,65,95,,
1630627200.0,9/3/2021,145,326,394,285,46,67,103,151,,
1630713600.0,9/4/2021,388,266,370,268,123,179,84,123,,
1630800000.0,9/5/2021,394,239,361,259,124,182,76,110,,
1630886400.0,9/6/2021,183,281,310,254,58,84,89,130,,
1630972800.0,9/7/2021,251,221,264,238,79,116,70,102,,
1631059200.0,9/8/2021,309,170,261,239,98,143,54,78,,
1631145600.0,9/9/2021,163,170,244,233,52,75,54,79,,
1631232000.0,9/10/2021,239,65,262,185,75,110,20,30,,
1631318400.0,9/11/2021,371,189,260,176,117,171,60,87,,
1631404800.0,9/12/2021,376,217,259,174,119,174,69,100,,
1631491200.0,9/13/2021,301,133,278,156,95,139,42,62,,
1631577600.0,9/14/2021,364,675,293,183,115,168,213,312,,
1631664000.0,9/15/2021,253,330,285,201,80,117,104,152,,
1631750400.0,9/16/2021,251,494,303,235,79,116,156,228,,
1631836800.0,9/17/2021,292,493,311,313,92,135,156,228,,
1631923200.0,9/18/2021,253,571,295,367,80,117,180,264,,
1632009600.0,9/19/2021,359,395,293,400,113,166,125,183,,
1632096000.0,9/20/2021,297,312,292,451,94,137,99,144,,
1632182400.0,9/21/2021,165,254,261,393,52,76,80,118,,
1632268800.0,9/22/2021,221,195,256,364,70,102,62,90,,
1632355200.0,9/23/2021,108,218,227,324,34,50,69,101,,
1632441600.0,9/24/2021,131,187,202,282,41,60,59,87,,
1632528000.0,9/25/2021,237,450,200,273,75,109,142,208,,
1632614400.0,9/26/2021,356,218,200,251,112,164,69,101,,
1632700800.0,9/27/2021,437,307,211,250,138,202,97,142,,
1632787200.0,9/28/2021,275,270,228,252,87,127,85,125,,
1632873600.0,9/29/2021,196,272,224,264,62,90,86,126,,
1632960000.0,9/30/2021,296,477,258,296,94,137,151,220,,
1633046400.0,10/1/2021,209,335,276,321,66,96,106,155,,
1633132800.0,10/2/2021,429,366,301,312,136,198,116,169,,
1633219200.0,10/3/2021,570,381,322,338,180,263,120,176,,
1633305600.0,10/4/2021,417,324,320,341,132,193,103,150,,
1633392000.0,10/5/2021,396,377,337,357,125,183,119,174,,
1633478400.0,10/6/2021,677,184,402,338,214,313,58,85,,
1633564800.0,10/7/2021,233,260,388,310,74,108,82,120,,
1633651200.0,10/8/2021,528,415,443,319,167,244,131,192,,
1633737600.0,10/9/2021,331,306,427,311,105,153,97,141,,
1633824000.0,10/10/2021,335,381,396,311,106,155,121,176,,
1633910400.0,10/11/2021,423,345,396,314,134,195,109,159,,
1633996800.0,10/12/2021,437,216,402,290,138,202,68,100,,
1634083200.0,10/13/2021,276,190,354,291,87,128,60,88,,
1634169600.0,10/14/2021,444,207,388,282,140,205,65,95,,
1634256000.0,10/15/2021,308,243,359,261,97,142,77,112,,
1634342400.0,10/16/2021,245,185,344,243,78,113,59,86,,
1634428800.0,10/17/2021,188,131,317,209,59,87,41,61,,
1634515200.0,10/18/2021,227,161,290,187,72,105,51,74,,
1634601600.0,10/19/2021,152,189,249,184,48,70,60,87,,
1634688000.0,10/20/2021,324,300,255,196,102,150,95,138,,
1634774400.0,10/21/2021,300,344,241,211,95,139,109,159,,
1634860800.0,10/22/2021,278,351,238,222,88,129,111,162,,
1634947200.0,10/23/2021,557,436,267,251,176,257,138,201,,
1635033600.0,10/24/2021,518,495,309,304,164,239,157,229,,
1635120000.0,10/25/2021,368,298,331,332,116,170,94,138,,
1635206400.0,10/26/2021,262,240,358,343,83,121,76,111,,
1635292800.0,10/27/2021,342,316,361,346,108,158,100,146,,
1635379200.0,10/28/2021,352,451,369,359,111,163,143,208,,
1635465600.0,10/29/2021,466,554,397,384,147,215,175,256,,
1635552000.0,10/30/2021,266,214,357,347,84,123,68,99,,
1635638400.0,10/31/2021,265,109,325,279,84,123,35,50,,
1635724800.0,11/1/2021,289,352,314,286,91,133,111,163,,
1635811200.0,11/2/2021,205,423,303,310,65,95,134,195,,
1635897600.0,11/3/2021,157,533,271,334,50,73,168,246,,
1635984000.0,11/4/2021,422,538,278,342,134,195,170,248,,
1636070400.0,11/5/2021,466,496,278,337,147,215,157,229,,
1636156800.0,11/6/2021,362,340,291,360,115,167,108,157,,
1636243200.0,11/7/2021,448,295,313,415,142,207,93,136,,
1636329600.0,11/8/2021,496,317,339,409,157,229,100,146,,
1636416000.0,11/9/2021,374,285,369,386,118,173,90,132,,
1636502400.0,11/10/2021,571,546,444,388,181,264,173,252,,
1636588800.0,11/11/2021,565,291,463,355,179,261,92,134,,
1636675200.0,11/12/2021,418,529,456,358,132,193,167,244,,
1636761600.0,11/13/2021,576,717,487,399,182,266,226,331,,
1636848000.0,11/14/2021,1285,760,566,456,406,594,240,351,,
1636934400.0,11/15/2021,1114,845,635,525,352,515,267,390,,
1637020800.0,11/16/2021,488,430,659,557,154,225,136,199,,
1637107200.0,11/17/2021,601,801,664,588,190,278,253,370,,
1637193600.0,11/18/2021,501,877,653,689,158,231,277,405,,
1637280000.0,11/19/2021,685,363,701,653,216,316,115,168,,
1637366400.0,11/20/2021,597,540,704,627,189,276,171,249,,
1637452800.0,11/21/2021,438,684,604,618,138,202,216,316,,
1637539200.0,11/22/2021,497,443,538,563,157,230,140,205,,
1637625600.0,11/23/2021,349,747,513,609,110,161,236,345,,
1637712000.0,11/24/2021,707,910,525,620,223,327,287,420,,
1637798400.0,11/25/2021,843,927,566,625,266,390,293,428,,
1637884800.0,11/26/2021,818,382,580,630,258,378,121,176,,
1637971200.0,11/27/2021,699,967,593,685,221,323,306,447,,
1638057600.0,11/28/2021,1203,901,686,712,380,556,285,416,,
1638144000.0,11/29/2021,1242,1066,781,807,393,574,337,493,,
1638230400.0,11/30/2021,1453,1204,958,864,459,671,380,556,,
1638316800.0,12/1/2021,2333,1509,1136,929,737,1078,477,697,,
1638403200.0,12/2/2021,2219,1163,1305,960,701,1025,367,537,,
1638489600.0,12/3/2021,1278,858,1391,1077,404,591,271,396,,
1638576000.0,12/4/2021,3480,1223,1749,1114,1100,1608,387,565,,
1638662400.0,12/5/2021,1864,1905,1862,1240,589,861,602,880,,
1638748800.0,12/6/2021,2926,1093,2104,1244,925,1352,345,505,,
1638835200.0,12/7/2021,1656,1112,2144,1230,523,765,351,514,,
1638921600.0,12/8/2021,1152,1126,1938,1180,364,532,356,520,,
1639008000.0,12/9/2021,1101,1105,1754,1171,348,509,349,511,,
1639094400.0,12/10/2021,1566,1257,1805,1237,495,724,397,581,,
1639180800.0,12/11/2021,1177,1363,1546,1256,372,544,431,630,"Omicron
5%","Omicron
4%"
1639267200.0,12/12/2021,1962,1040,1557,1152,620,906,329,481,"Omicron
6%","Omicron
2%"
1639353600.0,12/13/2021,1148,2511,1363,1298,363,530,793,1160,"Omicron
1%","Omicron
11%"
1639440000.0,12/14/2021,1642,765,1361,1230,519,759,242,354,"Omicron
14%","Omicron
11%"
1639526400.0,12/15/2021,1187,1211,1367,1243,375,548,383,559,"Omicron
23%","Omicron
25%"
1639612800.0,12/16/2021,1932,1751,1481,1328,611,893,553,809,"Omicron
34%","Omicron
21%"
1639699200.0,12/17/2021,1865,2466,1518,1462,589,862,779,1139,,
1639785600.0,12/18/2021,2273,1908,1668,1534,718,1050,603,882,,
1639872000.0,12/19/2021,2441,2111,1721,1697,771,1128,667,975,,
1639958400.0,12/20/2021,3435,2373,2013,1683,1085,1587,750,1096,,
1640044800.0,12/21/2021,2109,2109,2086,1945,666,974,666,974,,"BA.2 
detected"
1640131200.0,12/22/2021,1837,2277,2220,2129,580,849,720,1052,,
1640217600.0,12/23/2021,5435,4189,2574,2411,1717,2511,1324,1935,,
1640304000.0,12/24/2021,5696,5383,3019,2696,1800,2631,1701,2487,,
1640390400.0,12/25/2021,8791,6196,3662,3190,2778,4061,1958,2862,,
1640476800.0,12/26/2021,9314,4572,4435,3562,2943,4303,1445,2112,,
1640563200.0,12/27/2021,13209,8980,5375,4308,4174,6103,2838,4149,,
1640649600.0,12/28/2021,10754,10243,6784,5399,3398,4968,3237,4732,,
1640736000.0,12/29/2021,6713,6873,8164,6322,2121,3101,2172,3176,"BA.2 
detected","BA.2 
detected"
1640822400.0,12/30/2021,11946,8435,9136,6987,3775,5519,2666,3897,,
1640908800.0,12/31/2021,14643,9175,10455,7540,4627,6765,2899,4239,"BA.2 
detected",
1640995200.0,1/1/2022,11502,6568,10865,7604,3635,5314,2076,3035,,
1641081600.0,1/2/2022,13282,7773,11430,8202,4197,6136,2456,3591,,
1641168000.0,1/3/2022,13342,10196,11446,8353,4216,6164,3222,4711,,
1641254400.0,1/4/2022,6670,8264,10691,8100,2108,3082,2611,3818,,
1641340800.0,1/5/2022,10588,10833,11410,8644,3346,4892,3423,5005,,
1641427200.0,1/6/2022,7579,6549,10692,8337,2395,3502,2070,3026,,
1641513600.0,1/7/2022,5944,4705,9400,7579,1878,2746,1487,2173,,
1641600000.0,1/8/2022,6624,3640,8688,6966,2093,3060,1150,1682,,
1641686400.0,1/9/2022,5758,3807,7710,6291,1820,2660,1203,1759,,
1641772800.0,1/10/2022,5595,2319,6810,5091,1768,2585,733,1071,,
1641859200.0,1/11/2022,5223,2813,6576,4365,1651,2413,889,1300,,"BA.2 
detected"
1641945600.0,1/12/2022,3582,2216,5633,3479,1132,1655,700,1024,,"BA.2 
detected"
1642032000.0,1/13/2022,4097,2562,5159,3043,1295,1893,809,1183,,
1642118400.0,1/14/2022,4661,3525,4983,2920,1473,2154,1114,1629,,
1642204800.0,1/15/2022,2005,1737,4201,2627,634,926,549,802,,
1642291200.0,1/16/2022,2067,1586,3629,2318,653,955,501,733,,
1642377600.0,1/17/2022,2873,2411,3299,2331,908,1327,762,1114,,
1642464000.0,1/18/2022,1854,1489,2846,2129,586,857,471,688,,
1642550400.0,1/19/2022,2085,1766,2634,2061,659,963,558,816,,
1642636800.0,1/20/2022,1863,1245,2353,1859,589,861,394,575,,
1642723200.0,1/21/2022,1693,1220,2036,1597,535,782,385,564,,
1642809600.0,1/22/2022,2240,1549,2069,1571,708,1035,490,716,,
1642896000.0,1/23/2022,1819,1420,2031,1547,575,841,449,656,"BA.2 
0.4%","BA.2 
7%"
1642982400.0,1/24/2022,2381,1327,1978,1420,752,1100,419,613,,
1643068800.0,1/25/2022,1416,830,1903,1307,447,654,262,383,"BA.2 
0.3%","BA.2 
1%"
1643155200.0,1/26/2022,672,904,1619,1187,212,311,286,418,,"BA.2 
2%"
1643241600.0,1/27/2022,1106,1426,1503,1211,349,511,451,659,,"BA.2 
3%"
1643328000.0,1/28/2022,715,821,1328,1144,226,330,260,379,"BA.2 
0.6%","BA.2 
6%"
1643414400.0,1/29/2022,1693,1132,1276,1094,535,782,358,523,"BA.2 
2%","BA.2 
0.6%"
1643500800.0,1/30/2022,1234,1066,1207,1050,390,570,337,492,,
1643587200.0,1/31/2022,1388,1053,1118,1016,439,641,333,486,,
1643673600.0,2/1/2022,455,453,951,932,144,210,143,209,,
1643760000.0,2/2/2022,386,334,878,808,122,178,105,154,,
1643846400.0,2/3/2022,522,392,789,672,165,241,124,181,"BA.2 
0.08%","BA.2 
17%"
1643932800.0,2/4/2022,450,422,739,611,142,208,133,195,,
1644019200.0,2/5/2022,574,716,633,572,181,265,226,331,"BA.2 
0.3%","BA.2 
11%"
1644105600.0,2/6/2022,412,336,541,485,130,190,106,155,,
1644192000.0,2/7/2022,543,292,473,404,171,251,92,135,,
1644278400.0,2/8/2022,273,110,440,330,86,126,35,51,,
1644364800.0,2/9/2022,340,235,432,314,107,157,74,108,,"BA.2 
20%"
1644451200.0,2/10/2022,309,233,401,292,98,143,74,108,,
1644537600.0,2/11/2022,159,247,345,270,50,74,78,114,"BA.2 
30%","BA.2 
16%"
1644624000.0,2/12/2022,149,140,285,214,47,69,44,65,,
1644710400.0,2/13/2022,157,129,248,187,49,72,41,60,,
1644796800.0,2/14/2022,165,94,209,159,52,76,30,43,,
1644883200.0,2/15/2022,121,90,186,154,38,56,28,42,,
1644969600.0,2/16/2022,92,206,154,151,29,42,65,95,,
1645056000.0,2/17/2022,75,135,126,140,24,35,43,63,,
1645142400.0,2/18/2022,96,124,117,127,30,44,39,57,,
1645228800.0,2/19/2022,118,140,114,127,37,55,44,65,,
1645315200.0,2/20/2022,176,101,116,122,56,81,32,47,,
1645401600.0,2/21/2022,164,127,115,128,52,76,40,59,,
1645488000.0,2/22/2022,118,124,115,134,37,55,39,57,,
1645574400.0,2/23/2022,152,80,124,117,48,70,25,37,,
1645660800.0,2/24/2022,91,138,127,117,29,42,43,64,,
1645747200.0,2/25/2022,129,160,133,122,41,60,51,74,,
1645833600.0,2/26/2022,106,113,130,118,33,49,36,52,,
1645920000.0,2/27/2022,61,75,112,113,19,28,24,35,,
1646006400.0,2/28/2022,90,102,103,109,29,42,32,47,,
1646092800.0,3/1/2022,53,77,92,102,17,25,24,36,,
1646179200.0,3/2/2022,160,170,93,114,51,74,54,79,,
1646265600.0,3/3/2022,129,105,97,109,41,60,33,48,,
1646352000.0,3/4/2022,154,121,100,105,49,71,38,56,,
1646438400.0,3/5/2022,160,105,106,104,51,74,33,49,,
1646524800.0,3/6/2022,102,80,114,105,32,47,25,37,,
1646611200.0,3/7/2022,110,84,117,102,35,51,26,39,,
1646697600.0,3/8/2022,121,105,132,107,38,56,33,49,,
1646784000.0,3/9/2022,167,118,132,101,53,77,37,55,,
1646870400.0,3/10/2022,94,139,127,106,30,43,44,64,,
1646956800.0,3/11/2022,213,148,133,109,67,99,47,68,,
1647043200.0,3/12/2022,134,105,129,109,42,62,33,48,,
1647129600.0,3/13/2022,142,104,136,113,45,66,33,48,,
1647216000.0,3/14/2022,145,115,141,118,46,67,36,53,,
1647302400.0,3/15/2022,154,115,146,120,49,71,36,53,,
1647388800.0,3/16/2022,124,182,140,127,39,57,57,84,,
1647475200.0,3/17/2022,107,165,143,130,34,49,52,76,,
1647561600.0,3/18/2022,162,162,137,132,51,75,51,75,,
1647648000.0,3/19/2022,164,138,141,137,52,76,44,64,,
1647734400.0,3/20/2022,160,96,144,136,51,74,30,44,,
1647820800.0,3/21/2022,115,133,139,139,36,53,42,62,,
1647907200.0,3/22/2022,102,161,131,146,32,47,51,75,,
1647993600.0,3/23/2022,135,249,133,152,43,62,79,115,,
1648080000.0,3/24/2022,149,231,139,160,47,69,73,107,,
1648166400.0,3/25/2022,244,283,147,173,77,113,89,131,,
1648252800.0,3/26/2022,168,236,148,187,53,78,75,109,,
1648339200.0,3/27/2022,177,212,150,209,56,82,67,98,,
1648425600.0,3/28/2022,200,230,162,226,63,92,73,106,,
1648512000.0,3/29/2022,248,188,184,231,78,114,59,87,,
1648598400.0,3/30/2022,206,371,196,244,65,95,117,171,,
1648684800.0,3/31/2022,205,345,205,259,65,95,109,159,,
1648771200.0,4/1/2022,478,316,226,263,151,221,100,146,,
1648857600.0,4/2/2022,548,370,267,280,173,253,117,171,,
1648944000.0,4/3/2022,308,358,289,302,97,143,113,165,,
1649030400.0,4/4/2022,275,291,303,313,87,127,92,134,,
1649116800.0,4/5/2022,308,431,312,352,97,142,136,199,,
1649203200.0,4/6/2022,632,589,367,376,200,292,186,272,,
1649289600.0,4/7/2022,352,385,396,382,111,162,122,178,,
1649376000.0,4/8/2022,652,411,414,397,206,301,130,190,,
1649462400.0,4/9/2022,473,483,405,412,150,219,153,223,,
1649548800.0,4/10/2022,485,397,432,418,153,224,125,183,,
1649635200.0,4/11/2022,576,565,480,460,182,266,179,261,,
1649721600.0,4/12/2022,552,630,522,486,174,255,199,291,,
1649808000.0,4/13/2022,554,647,512,492,175,256,204,299,,
1649894400.0,4/14/2022,480,851,536,551,152,222,269,393,,
1649980800.0,4/15/2022,725,752,544,601,229,335,238,348,,
1650067200.0,4/16/2022,1238,640,624,625,391,572,202,296,,
1650153600.0,4/17/2022,708,654,659,672,224,327,207,302,,
1650240000.0,4/18/2022,624,572,666,673,197,288,181,264,,
1650326400.0,4/19/2022,603,641,675,675,191,279,203,296,,
1650412800.0,4/20/2022,378,456,639,642,120,175,144,211,,
1650499200.0,4/21/2022,523,571,647,606,165,242,180,264,,
1650585600.0,4/22/2022,530,624,619,590,168,245,197,288,,
1650672000.0,4/23/2022,426,524,531,574,134,197,166,242,,
1650758400.0,4/24/2022,1021,471,560,547,323,472,149,217,,
1650844800.0,4/25/2022,641,471,562,532,203,296,149,218,,
1650931200.0,4/26/2022,546,426,554,502,173,252,135,197,,
1651017600.0,4/27/2022,487,623,574,525,154,225,197,288,,
1651104000.0,4/28/2022,513,505,573,516,162,237,159,233,,
1651190400.0,4/29/2022,696,833,595,537,220,321,263,385,,
1651276800.0,4/30/2022,674,697,636,560,213,311,220,322,,
1651363200.0,5/1/2022,544,493,581,564,172,251,156,228,,
1651449600.0,5/2/2022,865,662,606,592,273,399,209,306,,
1651536000.0,5/3/2022,576,561,611,615,182,266,177,259,,
1651622400.0,5/4/2022,592,751,628,632,187,274,237,347,,
1651708800.0,5/5/2022,756,953,664,692,239,349,301,440,,
1651795200.0,5/6/2022,881,789,687,687,278,407,249,364,,
1651881600.0,5/7/2022,849,797,710,700,268,392,252,368,,
1651968000.0,5/8/2022,829,952,754,769,262,383,301,440,,
1652054400.0,5/9/2022,1435,853,810,797,454,663,270,394,,
1652140800.0,5/10/2022,863,922,858,856,273,399,291,426,,
1652227200.0,5/11/2022,835,995,902,891,264,386,314,460,,
1652313600.0,5/12/2022,2072,1670,1041,965,655,957,528,771,,
1652400000.0,5/13/2022,1404,1285,1113,1035,444,649,406,594,,
1652486400.0,5/14/2022,1508,1356,1209,1117,477,697,428,626,,
1652572800.0,5/15/2022,1302,982,1289,1122,411,601,310,454,,
1652659200.0,5/16/2022,1493,1143,1296,1170,472,690,361,528,,
1652745600.0,5/17/2022,1046,1669,1332,1273,331,483,528,771,,
1652832000.0,5/18/2022,745,696,1311,1210,235,344,220,322,,
1652918400.0,5/19/2022,809,784,1146,1086,256,374,248,362,,
1653004800.0,5/20/2022,818,1243,1061,1081,258,378,393,574,,
1653091200.0,5/21/2022,766,906,963,1020,242,354,286,419,,
1653177600.0,5/22/2022,1174,1151,949,1044,371,542,364,532,,
1653264000.0,5/23/2022,1249,1077,925,1035,395,577,340,498,,
1653350400.0,5/24/2022,690,743,871,922,218,319,235,343,,
1653436800.0,5/25/2022,632,561,851,894,200,292,177,259,,
1653523200.0,5/26/2022,808,1368,851,968,255,374,432,632,,
1653609600.0,5/27/2022,1138,1043,892,944,360,526,330,482,,
1653696000.0,5/28/2022,453,1031,828,962,143,209,326,476,,
1653782400.0,5/29/2022,705,1246,770,972,223,326,394,576,,
1653868800.0,5/30/2022,888,919,733,951,281,410,290,424,,
1653955200.0,5/31/2022,670,1375,730,1038,212,310,434,635,,
1654041600.0,6/1/2022,577,791,720,1090,182,266,250,365,,
1654128000.0,6/2/2022,976,696,740,990,308,451,220,322,,
1654214400.0,6/3/2022,801,951,704,977,253,370,301,439,,
1654300800.0,6/4/2022,620,532,736,889,196,286,168,246,,
1654387200.0,6/5/2022,683,366,733,746,216,315,116,169,,
1654473600.0,6/6/2022,848,435,728,671,268,392,138,201,,
1654560000.0,6/7/2022,762,571,742,592,241,352,180,264,,
1654646400.0,6/8/2022,369,636,696,574,117,171,201,294,,
1654732800.0,6/9/2022,714,549,665,554,226,330,174,254,,
1654819200.0,6/10/2022,815,619,667,521,258,377,196,286,,
1654905600.0,6/11/2022,651,785,672,551,206,301,248,362,,
1654992000.0,6/12/2022,932,932,702,630,295,431,295,431,,
1655078400.0,6/13/2022,691,245,682,580,218,319,77,113,,
1655164800.0,6/14/2022,499,461,642,563,158,231,146,213,,
1655251200.0,6/15/2022,1044,1392,745,629,330,482,440,643,,
1655337600.0,6/16/2022,635,1468,732,724,201,293,464,678,,
1655424000.0,6/17/2022,405,584,663,718,128,187,184,270,,
1655510400.0,6/18/2022,363,433,610,660,115,168,137,200,,
1655596800.0,6/19/2022,1335,509,642,605,422,617,161,235,,
1655683200.0,6/20/2022,560,532,623,676,177,259,168,246,,
1655769600.0,6/21/2022,457,568,615,696,144,211,179,262,,
1655856000.0,6/22/2022,526,611,558,619,166,243,193,282,,
1655942400.0,6/23/2022,564,789,548,567,178,261,249,365,,
1656028800.0,6/24/2022,478,648,561,575,151,221,205,299,,
1656115200.0,6/25/2022,510,738,589,621,161,236,233,341,,
1656201600.0,6/26/2022,826,688,550,648,261,381,217,318,,
1656288000.0,6/27/2022,851,536,584,649,269,393,169,248,,
1656374400.0,6/28/2022,724,562,624,648,229,334,178,260,,
1656460800.0,6/29/2022,430,606,606,647,136,199,192,280,,
1656547200.0,6/30/2022,529,607,600,623,167,244,192,280,,
1656633600.0,7/1/2022,909,428,658,587,287,420,135,198,,
1656720000.0,7/2/2022,736,800,694,594,232,340,253,370,,
1656806400.0,7/3/2022,1281,741,739,600,405,592,234,343,,
1656892800.0,7/4/2022,850,751,738,630,269,393,237,347,,
1656979200.0,7/5/2022,573,813,714,664,181,265,257,376,,
1657065600.0,7/6/2022,540,800,738,691,171,249,253,370,,
1657152000.0,7/7/2022,400,871,709,728,126,185,275,403,,
1657238400.0,7/8/2022,666,861,678,804,210,307,272,398,,
1657324800.0,7/9/2022,715,793,675,803,226,330,251,366,,
1657411200.0,7/10/2022,723,579,622,775,228,334,183,268,,
1657497600.0,7/11/2022,627,676,596,764,198,290,214,312,,
1657584000.0,7/12/2022,717,808,615,763,227,331,255,374,,
1657670400.0,7/13/2022,959,822,668,766,303,443,260,380,,
1657756800.0,7/14/2022,693,742,723,749,219,320,235,343,,
1657843200.0,7/15/2022,707,592,729,710,224,327,187,273,,
1657929600.0,7/16/2022,513,592,695,681,162,237,187,273,,
1658016000.0,7/17/2022,645,683,684,697,204,298,216,315,,
1658102400.0,7/18/2022,511,509,664,669,162,236,161,235,,
1658188800.0,7/19/2022,791,533,674,631,250,365,169,246,,
1658275200.0,7/20/2022,576,482,626,584,182,266,152,223,,
1658361600.0,7/21/2022,885,586,649,565,280,409,185,271,,
1658448000.0,7/22/2022,655,695,641,578,207,303,220,321,,
1658534400.0,7/23/2022,579,479,653,561,183,267,151,221,,
1658620800.0,7/24/2022,590,530,644,541,187,273,168,245,,
1658707200.0,7/25/2022,667,554,669,548,211,308,175,256,,
1658793600.0,7/26/2022,485,576,624,554,153,224,182,266,,
1658880000.0,7/27/2022,513,648,614,577,162,237,205,299,,
1658966400.0,7/28/2022,560,605,575,580,177,259,191,279,,
1659052800.0,7/29/2022,667,571,577,564,211,308,180,264,,
1659139200.0,7/30/2022,442,492,555,566,140,204,155,227,,
1659225600.0,7/31/2022,783,486,578,559,247,362,153,224,,
1659312000.0,8/1/2022,771,453,590,543,244,356,143,209,,
1659398400.0,8/2/2022,623,580,611,544,197,288,183,268,,
1659484800.0,8/3/2022,564,481,620,521,178,261,152,222,,
1659571200.0,8/4/2022,669,599,635,520,211,309,189,277,,
1659657600.0,8/5/2022,461,349,603,485,146,213,110,161,,
1659744000.0,8/6/2022,544,449,621,479,172,251,142,208,,
1659830400.0,8/7/2022,544,424,589,470,172,251,134,196,,
1659916800.0,8/8/2022,525,403,558,462,166,242,127,186,,
1660003200.0,8/9/2022,425,492,528,451,134,197,156,227,,
1660089600.0,8/10/2022,603,428,533,444,191,279,135,198,,
1660176000.0,8/11/2022,633,664,529,450,200,293,210,307,,
1660262400.0,8/12/2022,425,504,523,475,134,196,159,233,,
1660348800.0,8/13/2022,382,648,497,500,121,177,205,299,,
1660435200.0,8/14/2022,375,575,472,522,118,173,182,265,,
1660521600.0,8/15/2022,350,393,445,520,111,162,124,181,,
1660608000.0,8/16/2022,435,417,447,508,137,201,132,193,,
1660694400.0,8/17/2022,456,648,429,539,144,211,205,299,,
1660780800.0,8/18/2022,424,762,405,550,134,196,241,352,,
1660867200.0,8/19/2022,645,397,430,531,204,298,125,183,,
1660953600.0,8/20/2022,740,266,473,468,234,342,84,123,,
1661040000.0,8/21/2022,576,546,502,465,182,266,173,252,,
1661126400.0,8/22/2022,599,499,543,481,189,277,158,231,,
1661212800.0,8/23/2022,420,392,540,477,133,194,124,181,,
1661299200.0,8/24/2022,355,407,521,446,112,164,129,188,,
1661385600.0,8/25/2022,383,461,514,415,121,177,146,213,,
1661472000.0,8/26/2022,564,340,504,406,178,261,107,157,,
1661558400.0,8/27/2022,993,339,525,420,314,459,107,157,,
1661644800.0,8/28/2022,385,356,496,395,122,178,113,165,,
1661731200.0,8/29/2022,380,460,465,391,120,175,146,213,,
1661817600.0,8/30/2022,635,503,493,405,201,294,159,232,,
1661904000.0,8/31/2022,894,758,563,443,283,413,240,350,,
1661990400.0,9/1/2022,391,533,564,452,124,181,168,246,,
1662076800.0,9/2/2022,560,728,564,504,177,259,230,336,,
1662163200.0,9/3/2022,667,736,533,563,211,308,233,340,,
1662249600.0,9/4/2022,651,557,574,600,206,301,176,257,,
1662336000.0,9/5/2022,619,572,616,619,196,286,181,264,,
1662422400.0,9/6/2022,760,473,632,613,240,351,150,219,,
1662508800.0,9/7/2022,496,735,581,611,157,229,232,340,,
1662595200.0,9/8/2022,705,826,632,650,223,326,261,382,,
1662681600.0,9/9/2022,724,701,655,647,229,335,222,324,,
1662768000.0,9/10/2022,752,485,666,609,238,347,153,224,,
1662854400.0,9/11/2022,612,684,661,627,194,283,216,316,,
1662940800.0,9/12/2022,805,489,686,613,254,372,154,226,,
1663027200.0,9/13/2022,476,573,641,630,150,220,181,265,,
1663113600.0,9/14/2022,1110,851,720,644,351,513,269,393,,
1663200000.0,9/15/2022,647,595,711,614,205,299,188,275,,
1663286400.0,9/16/2022,427,375,659,562,135,197,119,173,,
1663372800.0,9/17/2022,706,495,653,563,223,326,156,229,,
1663459200.0,9/18/2022,539,450,641,530,170,249,142,208,,
1663545600.0,9/19/2022,779,384,638,513,246,360,121,178,,
1663632000.0,9/20/2022,673,537,671,508,213,311,170,248,,
1663718400.0,9/21/2022,770,731,637,497,243,356,231,338,,
1663804800.0,9/22/2022,1044,714,682,510,330,482,226,330,,
1663891200.0,9/23/2022,1204,988,791,586,380,556,312,456,,
1663977600.0,9/24/2022,916,1357,821,677,290,423,429,627,,
1664064000.0,9/25/2022,1293,875,930,744,408,597,276,404,,
1664150400.0,9/26/2022,1231,608,993,794,389,569,192,281,,
1664236800.0,9/27/2022,1421,828,1104,845,449,657,262,383,,
1664323200.0,9/28/2022,1094,1272,1161,915,346,505,402,588,,
1664409600.0,9/29/2022,889,825,1135,934,281,411,261,381,,
1664496000.0,9/30/2022,1016,700,1108,889,321,469,221,323,,
1664582400.0,10/1/2022,1471,714,1185,811,465,679,226,330,,
1664668800.0,10/2/2022,897,959,1125,822,283,414,303,443,,
1664755200.0,10/3/2022,716,751,1041,847,226,331,237,347,,
1664841600.0,10/4/2022,887,862,973,852,280,410,272,398,,
1664928000.0,10/5/2022,865,979,941,821,273,400,309,452,,
1665014400.0,10/6/2022,836,536,933,772,264,386,169,248,,
1665100800.0,10/7/2022,1130,544,947,744,357,522,172,251,,
1665187200.0,10/8/2022,1635,925,962,772,517,755,292,427,,
1665273600.0,10/9/2022,1341,1002,1019,777,424,619,317,463,,
1665360000.0,10/10/2022,985,1104,1066,821,311,455,349,510,,
1665446400.0,10/11/2022,1139,543,1105,769,360,526,172,251,,
1665532800.0,10/12/2022,653,369,1061,669,206,302,117,170,,
1665619200.0,10/13/2022,1029,563,1094,673,325,476,178,260,,
1665705600.0,10/14/2022,816,781,1044,709,258,377,247,361,,
1665792000.0,10/15/2022,924,1153,962,732,292,427,364,532,,
1665878400.0,10/16/2022,1503,928,978,724,475,694,293,429,,
1665964800.0,10/17/2022,1247,928,1011,706,394,576,293,429,,
1666051200.0,10/18/2022,1034,972,997,767,327,477,307,449,,
1666137600.0,10/19/2022,731,1071,1014,894,231,338,338,495,,
1666224000.0,10/20/2022,858,493,987,877,271,396,156,228,,
1666310400.0,10/21/2022,509,289,923,761,161,235,91,133,,
1666396800.0,10/22/2022,442,287,831,624,140,204,91,133,,
1666483200.0,10/23/2022,886,298,771,530,280,409,94,138,,
1666569600.0,10/24/2022,693,224,708,433,219,320,71,103,,
1666656000.0,10/25/2022,555,423,648,384,175,256,134,195,,
1666742400.0,10/26/2022,523,450,618,340,165,242,142,208,,
1666828800.0,10/27/2022,648,494,594,340,205,300,156,228,,
1666915200.0,10/28/2022,748,325,627,345,236,346,103,150,,
1667001600.0,10/29/2022,555,476,648,371,175,256,150,220,,
1667088000.0,10/30/2022,640,287,619,369,202,296,91,133,,
1667174400.0,10/31/2022,638,343,611,393,202,295,108,159,,
1667260800.0,11/1/2022,842,307,649,375,266,389,97,142,,
1667347200.0,11/2/2022,497,370,644,365,157,230,117,171,,
1667433600.0,11/3/2022,574,421,633,356,181,265,133,194,,
1667520000.0,11/4/2022,571,436,609,372,180,264,138,202,,
1667606400.0,11/5/2022,757,293,637,347,239,350,93,135,,
1667692800.0,11/6/2022,673,360,641,358,213,311,114,166,,
1667779200.0,11/7/2022,496,540,619,382,157,229,171,250,,
1667865600.0,11/8/2022,377,374,551,393,119,174,118,173,,
1667952000.0,11/9/2022,462,525,546,413,146,213,166,242,,
1668038400.0,11/10/2022,352,331,509,399,111,163,105,153,,
1668124800.0,11/11/2022,674,380,521,391,213,312,120,175,,
1668211200.0,11/12/2022,555,460,499,417,175,256,145,212,,
1668297600.0,11/13/2022,821,500,513,438,259,379,158,231,,
1668384000.0,11/14/2022,505,293,514,401,160,233,93,136,,
1668470400.0,11/15/2022,700,397,562,404,221,323,125,183,,
1668556800.0,11/16/2022,557,447,577,395,176,257,141,206,,
1668643200.0,11/17/2022,397,414,587,408,126,184,131,191,,
1668729600.0,11/18/2022,724,394,593,410,229,334,125,182,,
1668816000.0,11/19/2022,550,583,592,424,174,254,184,269,,
1668902400.0,11/20/2022,651,504,573,425,206,301,159,233,,
1668988800.0,11/21/2022,771,304,609,427,244,356,96,140,,
1669075200.0,11/22/2022,716,435,611,433,226,331,137,201,,
1669161600.0,11/23/2022,776,524,640,443,245,358,166,242,,
1669248000.0,11/24/2022,914,763,721,483,289,422,241,352,,
1669334400.0,11/25/2022,695,727,717,527,220,321,230,336,,
1669420800.0,11/26/2022,899,1156,769,581,284,415,365,534,,
1669507200.0,11/27/2022,1152,682,834,607,364,532,216,315,,
1669593600.0,11/28/2022,1221,747,891,690,386,564,236,345,,
1669680000.0,11/29/2022,1015,1292,937,806,321,469,408,597,,
1669766400.0,11/30/2022,1504,1075,1029,893,475,695,340,497,,
1669852800.0,12/1/2022,1017,879,1045,912,321,470,278,406,,
1669939200.0,12/2/2022,694,861,1045,934,219,321,272,398,,
1670025600.0,12/3/2022,1057,834,1070,891,334,488,264,386,,
1670112000.0,12/4/2022,987,906,1046,928,312,456,286,419,,
1670198400.0,12/5/2022,1028,685,1021,917,325,475,217,317,,
1670284800.0,12/6/2022,1015,1327,1021,920,321,469,419,613,,
1670371200.0,12/7/2022,1131,1094,980,923,357,522,346,505,,
1670457600.0,12/8/2022,1187,1531,1002,999,375,549,484,707,,
1670544000.0,12/9/2022,1084,1370,1068,1067,343,501,433,633,,
1670630400.0,12/10/2022,1791,1576,1152,1169,566,828,498,728,,
1670716800.0,12/11/2022,1843,792,1259,1147,583,852,250,366,,
1670803200.0,12/12/2022,1652,834,1347,1179,522,763,263,385,,
1670889600.0,12/13/2022,1170,1108,1375,1149,370,541,350,512,,
1670976000.0,12/14/2022,1032,1033,1357,1140,326,477,326,477,,
1671062400.0,12/15/2022,1055,1123,1335,1090,333,487,355,519,,
1671148800.0,12/16/2022,1307,1012,1371,1044,413,604,320,467,,
1671235200.0,12/17/2022,1663,789,1356,946,525,768,249,364,,
1671321600.0,12/18/2022,1480,1701,1314,1055,468,684,538,786,,
1671408000.0,12/19/2022,1698,1476,1319,1145,536,784,466,682,,
1671494400.0,12/20/2022,1241,1359,1331,1179,392,574,430,628,,
1671580800.0,12/21/2022,1793,1593,1440,1254,567,828,503,736,,
1671667200.0,12/22/2022,2430,1891,1622,1351,768,1123,597,873,,
1671753600.0,12/23/2022,1332,2551,1626,1542,421,615,806,1178,,
1671840000.0,12/24/2022,1036,1386,1520,1671,327,479,438,640,,
1671926400.0,12/25/2022,2124,1597,1601,1656,671,981,505,738,,
1672012800.0,12/26/2022,1526,2377,1576,1772,482,705,751,1098,,
1672099200.0,12/27/2022,2898,2423,1779,1925,916,1339,766,1120,,
1672185600.0,12/28/2022,1524,1630,1739,1931,482,704,515,753,,
1672272000.0,12/29/2022,1765,2003,1661,1947,558,815,633,925,,
1672358400.0,12/30/2022,1537,1833,1695,1857,486,710,579,847,,
1672444800.0,12/31/2022,1591,2330,1803,2000,503,735,736,1076,,
1672531200.0,1/1/2023,1976,1727,1784,2023,624,913,546,798,,
1672617600.0,1/2/2023,1817,1499,1829,1894,574,839,474,692,,
1672704000.0,1/3/2023,1807,1477,1710,1765,571,835,467,682,,
1672790400.0,1/4/2023,4244,1214,1979,1692,1341,1961,384,561,,
1672876800.0,1/5/2023,1963,1567,2009,1633,620,907,495,724,,
1672963200.0,1/6/2023,1260,947,1953,1487,398,582,299,438,,
1673049600.0,1/7/2023,1308,1040,1899,1325,413,604,329,480,,
1673136000.0,1/8/2023,981,904,1718,1208,310,453,286,417,,
1673222400.0,1/9/2023,1079,640,1595,1070,341,498,202,296,,
1673308800.0,1/10/2023,1180,836,1501,986,373,545,264,386,,
1673395200.0,1/11/2023,1416,1240,1283,989,447,654,392,573,,
1673481600.0,1/12/2023,1200,1241,1196,957,379,554,392,573,,
1673568000.0,1/13/2023,1273,699,1197,916,402,588,221,323,,
1673654400.0,1/14/2023,589,1154,1068,930,186,272,365,533,,
1673740800.0,1/15/2023,498,2229,970,1058,157,230,704,1030,,
1673827200.0,1/16/2023,1302,1370,996,1179,412,602,433,633,,
1673913600.0,1/17/2023,835,1363,948,1264,264,386,431,630,,
1674000000.0,1/18/2023,891,1009,887,1228,281,412,319,466,,
1674086400.0,1/19/2023,1240,1505,892,1262,392,573,476,695,,
1674172800.0,1/20/2023,867,763,844,1278,274,400,241,352,,
1674259200.0,1/21/2023,1045,939,916,1241,330,483,297,434,,
1674345600.0,1/22/2023,675,787,957,1069,213,312,249,363,,
1674432000.0,1/23/2023,1072,965,931,1017,339,495,305,446,,
1674518400.0,1/24/2023,694,465,906,872,219,321,147,215,,
1674604800.0,1/25/2023,846,871,900,854,267,391,275,402,,
1674691200.0,1/26/2023,794,448,844,718,251,367,142,207,,
1674777600.0,1/27/2023,532,773,787,720,168,246,244,357,,
1674864000.0,1/28/2023,690,685,742,688,218,319,217,317,,
1674950400.0,1/29/2023,1181,767,804,685,373,546,242,354,,
1675036800.0,1/30/2023,727,689,761,653,230,336,218,318,,
1675123200.0,1/31/2023,921,1169,792,745,291,426,369,540,,
1675209600.0,2/1/2023,834,706,790,723,264,386,223,326,,
1675296000.0,2/2/2023,649,906,768,800,205,300,286,419,,
1675382400.0,2/3/2023,1095,907,851,818,346,506,287,419,,
1675468800.0,2/4/2023,849,568,877,796,268,392,180,262,,
1675555200.0,2/5/2023,1351,913,894,817,427,624,288,422,,
1675641600.0,2/6/2023,1160,941,955,854,367,536,297,435,,
1675728000.0,2/7/2023,798,539,936,765,252,369,170,249,,
1675814400.0,2/8/2023,1201,577,986,743,380,555,182,267,,
1675900800.0,2/9/2023,606,461,977,674,191,280,146,213,,
1675987200.0,2/10/2023,399,1110,845,694,126,184,351,513,,
1676073600.0,2/11/2023,886,498,851,681,280,409,157,230,,
1676160000.0,2/12/2023,587,366,755,598,185,271,116,169,,
1676246400.0,2/13/2023,994,579,738,558,314,459,183,268,,
1676332800.0,2/14/2023,685,547,723,559,217,317,173,253,,
1676419200.0,2/15/2023,460,588,630,561,145,212,186,272,,
1676505600.0,2/16/2023,618,647,632,588,195,285,204,299,,
1676592000.0,2/17/2023,508,592,654,538,161,235,187,273,,
1676678400.0,2/18/2023,582,353,616,512,184,269,112,163,,
1676764800.0,2/19/2023,456,391,594,517,144,211,124,181,,
1676851200.0,2/20/2023,474,334,534,478,150,219,106,154,,
1676937600.0,2/21/2023,409,312,497,441,129,189,98,144,,
1677024000.0,2/22/2023,494,573,502,439,156,228,181,265,,
1677110400.0,2/23/2023,992,472,537,420,313,458,149,218,,
1677196800.0,2/24/2023,450,371,528,393,142,208,117,171,,
1677283200.0,2/25/2023,441,266,507,377,139,204,84,123,,
1677369600.0,2/26/2023,561,599,522,401,177,259,189,277,,
1677456000.0,2/27/2023,598,513,540,426,189,276,162,237,,
1677542400.0,2/28/2023,425,384,543,439,134,197,121,178,,
1677628800.0,3/1/2023,511,321,545,404,161,236,102,148,,
1677715200.0,3/2/2023,318,394,463,394,100,147,124,182,,
1677801600.0,3/3/2023,744,580,498,420,235,344,183,268,,
1677888000.0,3/4/2023,653,493,527,459,206,302,156,228,,
1677974400.0,3/5/2023,514,437,520,438,162,237,138,202,,
1678060800.0,3/6/2023,490,399,506,423,155,226,126,184,,
1678147200.0,3/7/2023,241,341,466,416,76,111,108,158,,
1678233600.0,3/8/2023,232,194,417,387,73,107,61,90,,
1678320000.0,3/9/2023,309,330,415,377,97,143,104,152,,
1678406400.0,3/10/2023,284,340,361,350,90,131,107,157,,
1678492800.0,3/11/2023,438,240,341,316,138,202,76,111,,
1678579200.0,3/12/2023,430,390,333,310,136,199,123,180,,
1678665600.0,3/13/2023,346,499,317,320,109,160,158,231,,
1678752000.0,3/14/2023,264,281,321,312,84,122,89,130,,
1678838400.0,3/15/2023,211,197,316,312,67,97,62,91,,
1678924800.0,3/16/2023,185,440,294,325,58,85,139,203,,
1679011200.0,3/17/2023,451,479,314,342,142,208,151,221,,
1679097600.0,3/18/2023,395,412,310,369,125,182,130,190,,
1679184000.0,3/19/2023,666,510,330,383,211,308,161,236,,
1679270400.0,3/20/2023,653,692,361,402,207,302,219,320,,
1679356800.0,3/21/2023,632,399,409,423,200,292,126,185,,
1679443200.0,3/22/2023,222,305,412,450,70,102,96,141,,
1679529600.0,3/23/2023,420,237,463,412,133,194,75,109,,
1679616000.0,3/24/2023,311,578,439,423,98,144,183,267,,
1679702400.0,3/25/2023,331,395,428,420,105,153,125,182,,
1679788800.0,3/26/2023,285,196,379,367,90,132,62,90,,
1679875200.0,3/27/2023,264,178,333,302,83,122,56,82,,
1679961600.0,3/28/2023,182,177,279,269,57,84,56,82,,
1680048000.0,3/29/2023,142,217,262,256,45,66,69,100,,
1680134400.0,3/30/2023,132,189,222,248,42,61,60,87,,
1680220800.0,3/31/2023,338,243,224,219,107,156,77,112,,
1680307200.0,4/1/2023,425,347,233,215,134,196,110,160,,
1680393600.0,4/2/2023,293,430,234,241,93,135,136,199,,
1680480000.0,4/3/2023,292,321,237,262,92,135,101,148,,
1680566400.0,4/4/2023,236,215,246,269,74,109,68,99,,
1680652800.0,4/5/2023,296,340,273,287,93,137,107,157,,
1680739200.0,4/6/2023,120,229,269,295,38,56,72,106,,
1680825600.0,4/7/2023,202,229,250,293,64,93,72,106,,
1680912000.0,4/8/2023,252,202,232,271,80,117,64,93,,
1680998400.0,4/9/2023,298,209,233,244,94,138,66,97,,
1681084800.0,4/10/2023,,,224,233,,,,,,
1681171200.0,4/11/2023,203,305,219,247,64,94,96,141,,
1681257600.0,4/12/2023,,,206,232,,,,,,
1681344000.0,4/13/2023,315,182,250,222,100,146,57,84,,
1681430400.0,4/14/2023,,,263,220,,,,,,
1681516800.0,4/15/2023,126,140,221,201,40,58,44,65,,
1681603200.0,4/16/2023,163,142,190,182,52,75,45,66,,
1681689600.0,4/17/2023,,,190,182,,,,,,
1681776000.0,4/18/2023,106,177,162,159,34,49,56,82,,
1681862400.0,4/19/2023,,,162,159,,,,,,
1681948800.0,4/20/2023,196,158,144,154,62,90,50,73,,
1682035200.0,4/21/2023,,,144,154,,,,,,
1682121600.0,4/22/2023,221,195,166,167,70,102,62,90,,
1682208000.0,4/23/2023,,,166,176,,,,,,
1682294400.0,4/24/2023,,,166,176,,,,,,
1682380800.0,4/25/2023,238,209,217,186,75,110,66,97,,
1682467200.0,4/26/2023,,,217,186,,,,,,
1682553600.0,4/27/2023,,195,229,199,,,61,90,,
1682640000.0,4/28/2023,183,,213,199,58,84,,,,
1682726400.0,4/29/2023,176,245,197,215,56,82,77,113,,
1682812800.0,4/30/2023,,,197,215,,,,,,
1682899200.0,5/1/2023,,,197,215,,,,,,
1682985600.0,5/2/2023,122,180,158,205,39,57,57,83,,
1683072000.0,5/3/2023,,,158,205,,,,,,
1683158400.0,5/4/2023,238,314,175,240,75,110,99,145,,
1683244800.0,5/5/2023,,,173,240,,,,,,
1683331200.0,5/6/2023,215,157,184,207,68,99,50,73,,
1683417600.0,5/7/2023,,,184,207,,,,,,
1683504000.0,5/8/2023,,,184,207,,,,,,
1683590400.0,5/9/2023,142,162,193,200,45,65,51,75,,
1683676800.0,5/10/2023,,,193,200,,,,,,
1683763200.0,5/11/2023,,234,174,181,,,74,108,,
1683849600.0,5/12/2023,118,,153,181,37,55,,,,
1683936000.0,5/13/2023,128,100,129,156,41,59,32,46,,
1684022400.0,5/14/2023,,,129,156,,,,,,
1684108800.0,5/15/2023,,,129,156,,,,,,
1684195200.0,5/16/2023,202,156,145,154,64,94,49,72,,
1684281600.0,5/17/2023,,,145,154,,,,,,
1684368000.0,5/18/2023,385,134,185,128,122,178,42,62,,
1684454400.0,5/19/2023,,,215,128,,,,,,
1684540800.0,5/20/2023,222,141,258,143,70,102,44,65,,
1684627200.0,5/21/2023,,,258,143,,,,,,
1684713600.0,5/22/2023,,,258,143,,,,,,
1684800000.0,5/23/2023,173,279,245,174,55,80,88,129,,
1684886400.0,5/24/2023,,,245,174,,,,,,
1684972800.0,5/25/2023,232,223,207,206,73,107,70,103,,
1685059200.0,5/26/2023,,,207,206,,,,,,
1685145600.0,5/27/2023,166,176,188,222,52,77,56,81,,
1685232000.0,5/28/2023,,,188,222,,,,,,
1685318400.0,5/29/2023,,,188,222,,,,,,
1685404800.0,5/30/2023,176,183,189,193,56,81,58,85,,
1685491200.0,5/31/2023,,,189,193,,,,,,
1685577600.0,6/1/2023,189,153,177,170,60,87,48,71,,
1685664000.0,6/2/2023,,,177,170,,,,,,
1685750400.0,6/3/2023,176,172,180,169,56,81,54,79,,
1685836800.0,6/4/2023,,,180,169,,,,,,
1685923200.0,6/5/2023,,,180,169,,,,,,
1686009600.0,6/6/2023,223,198,195,173,70,103,63,92,,
1686096000.0,6/7/2023,,,195,173,,,,,,
1686182400.0,6/8/2023,237,243,210,202,75,110,77,112,,
1686268800.0,6/9/2023,,,210,202,,,,,,
1686355200.0,6/10/2023,,143,230,190,,,45,66,,
1686441600.0,6/11/2023,,,230,190,,,,,,
1686528000.0,6/12/2023,,,230,190,,,,,,
1686614400.0,6/13/2023,148,122,188,162,47,69,39,56,,
1686700800.0,6/14/2023,172,152,182,159,54,79,48,70,,
1686787200.0,6/15/2023,168,110,162,131,53,78,35,51,,
1686873600.0,6/16/2023,,,162,131,,,,,,
1686960000.0,6/17/2023,95,93,142,117,30,44,29,43,,
1687046400.0,6/18/2023,,,142,117,,,,,,
1687132800.0,6/19/2023,,,142,117,,,,,,
1687219200.0,6/20/2023,60,54,113,96,19,28,17,25,,
1687305600.0,6/21/2023,,,99,82,,,,,,
1687392000.0,6/22/2023,131,122,91,85,42,61,39,57,,
1687478400.0,6/23/2023,,,91,85,,,,,,
1687564800.0,6/24/2023,117,195,98,109,37,54,62,90,,
1687651200.0,6/25/2023,,,98,109,,,,,,
1687737600.0,6/26/2023,,,98,109,,,,,,
1687824000.0,6/27/2023,104,141,117,150,33,48,45,65,,
1687910400.0,6/28/2023,,,117,150,,,,,,
1687996800.0,6/29/2023,156,160,124,164,49,72,51,74,,
1688083200.0,6/30/2023,,,124,164,,,,,,
1688169600.0,7/1/2023,339,310,177,191,107,157,98,143,,
1688256000.0,7/2/2023,,,177,191,,,,,,
1688342400.0,7/3/2023,,,177,191,,,,,,
1688428800.0,7/4/2023,250,312,236,249,79,115,99,144,,
1688515200.0,7/5/2023,,,236,249,,,,,,
1688601600.0,7/6/2023,199,244,256,286,63,92,77,113,,
1688688000.0,7/7/2023,,,256,286,,,,,,
1688774400.0,7/8/2023,131,184,187,241,41,61,58,85,,
1688860800.0,7/9/2023,,,187,241,,,,,,
1688947200.0,7/10/2023,,,187,241,,,,,,
1689033600.0,7/11/2023,365,380,212,257,115,168,120,176,,
1689120000.0,7/12/2023,,,212,257,,,,,,
1689206400.0,7/13/2023,470,255,282,261,149,217,81,118,,
1689292800.0,7/14/2023,,,282,261,,,,,,
1689379200.0,7/15/2023,158,268,300,296,50,73,85,124,,
1689465600.0,7/16/2023,,,300,296,,,,,,
1689552000.0,7/17/2023,,,300,296,,,,,,
1689638400.0,7/18/2023,223,315,255,278,70,103,99,145,,
1689724800.0,7/19/2023,,,255,278,,,,,,
1689811200.0,7/20/2023,386,252,238,277,122,178,80,117,,
1689897600.0,7/21/2023,,,238,277,,,,,,
1689984000.0,7/22/2023,304,470,297,334,96,141,149,217,,
1690070400.0,7/23/2023,,,297,334,,,,,,
1690156800.0,7/24/2023,,,297,334,,,,,,
1690243200.0,7/25/2023,326,325,337,338,103,151,103,150,,
1690329600.0,7/26/2023,,,337,338,,,,,,
1690416000.0,7/27/2023,442,478,353,418,140,204,151,221,,
1690502400.0,7/28/2023,,,353,418,,,,,,
1690588800.0,7/29/2023,241,339,326,375,76,111,107,157,,
1690675200.0,7/30/2023,,,326,375,,,,,,
1690761600.0,7/31/2023,,,326,375,,,,,,
1690848000.0,8/1/2023,337,538,330,443,107,156,170,248,,
1690934400.0,8/2/2023,,,330,443,,,,,,
1691020800.0,8/3/2023,633,514,372,454,200,292,162,237,,
1691107200.0,8/4/2023,,,372,454,,,,,,
1691193600.0,8/5/2023,538,625,486,557,170,249,198,289,,
1691280000.0,8/6/2023,,,486,557,,,,,,
1691366400.0,8/7/2023,,,486,557,,,,,,
1691452800.0,8/8/2023,219,347,421,481,69,101,110,160,,
1691539200.0,8/9/2023,,,421,481,,,,,,
1691625600.0,8/10/2023,428,645,369,519,135,198,204,298,,
1691712000.0,8/11/2023,,,369,519,,,,,,
1691798400.0,8/12/2023,408,533,337,492,129,189,169,246,,
1691884800.0,8/13/2023,,,337,492,,,,,,
1691971200.0,8/14/2023,,,337,492,,,,,,
1692057600.0,8/15/2023,428,245,421,439,135,198,78,113,,
1692144000.0,8/16/2023,,,421,439,,,,,,
1692230400.0,8/17/2023,400,489,412,400,127,185,155,226,,
1692316800.0,8/18/2023,,,412,400,,,,,,
1692403200.0,8/19/2023,360,336,395,343,114,166,106,155,,
1692489600.0,8/20/2023,,,395,343,,,,,,
1692576000.0,8/21/2023,,,395,343,,,,,,
1692662400.0,8/22/2023,316,407,357,406,100,146,129,188,,
1692748800.0,8/23/2023,,,357,406,,,,,,
1692835200.0,8/24/2023,312,558,329,424,99,144,176,258,,
1692921600.0,8/25/2023,557,335,375,400,176,257,106,155,,
1693008000.0,8/26/2023,334,526,368,447,105,154,166,243,,
1693094400.0,8/27/2023,527,675,395,486,167,244,213,312,,
1693180800.0,8/28/2023,572,757,420,523,181,264,239,350,,
1693267200.0,8/29/2023,456,448,447,532,144,211,142,207,,
1693353600.0,8/30/2023,460,520,449,530,145,212,164,240,,
1693440000.0,8/31/2023,782,1063,512,581,247,361,336,491,,
1693526400.0,9/1/2023,456,628,497,635,144,211,198,290,,
1693612800.0,9/2/2023,448,732,519,666,142,207,231,338,,
1693699200.0,9/3/2023,559,475,523,634,177,258,150,219,,
1693785600.0,9/4/2023,701,603,538,613,221,324,190,278,,
1693872000.0,9/5/2023,924,563,596,633,292,427,178,260,,
1693958400.0,9/6/2023,556,372,612,604,176,257,117,172,,
1694044800.0,9/7/2023,571,731,585,572,180,264,231,338,,
1694131200.0,9/8/2023,766,1122,630,622,242,354,355,518,,
1694217600.0,9/9/2023,598,922,656,643,189,276,291,426,,
1694304000.0,9/10/2023,670,732,674,684,212,310,231,338,,
1694390400.0,9/11/2023,933,696,702,698,295,431,220,322,,
1694476800.0,9/12/2023,572,604,655,705,181,264,191,279,,
1694563200.0,9/13/2023,694,750,677,779,219,321,237,347,,
1694649600.0,9/14/2023,723,882,700,801,228,334,279,407,,
1694736000.0,9/15/2023,646,475,683,708,204,298,150,219,,
1694822400.0,9/16/2023,529,476,671,644,167,244,151,220,,
1694908800.0,9/17/2023,794,503,688,611,251,367,159,233,,
1694995200.0,9/18/2023,723,432,663,570,229,334,137,200,,
1695081600.0,9/19/2023,514,645,653,576,162,237,204,298,,
1695168000.0,9/20/2023,455,582,615,555,144,210,184,269,,
1695254400.0,9/21/2023,537,575,589,522,170,248,182,266,,
1695340800.0,9/22/2023,570,658,579,547,180,263,208,304,,
1695427200.0,9/23/2023,449,465,565,546,142,207,147,215,,
1695513600.0,9/24/2023,544,512,535,547,172,251,162,237,,
1695600000.0,9/25/2023,875,673,550,583,277,404,213,311,,
1695686400.0,9/26/2023,611,528,564,566,193,282,167,244,,
1695772800.0,9/27/2023,743,429,605,542,235,343,136,198,,
1695859200.0,9/28/2023,1359,776,691,566,429,628,245,359,,
1695945600.0,9/29/2023,549,732,687,575,173,254,231,338,,
1696032000.0,9/30/2023,661,531,726,586,209,305,168,245,,
1696118400.0,10/1/2023,1039,773,797,621,328,480,244,357,,
1696204800.0,10/2/2023,769,590,782,609,243,355,187,273,,
1696291200.0,10/3/2023,838,702,818,635,265,387,222,324,,
1696377600.0,10/4/2023,953,809,848,695,301,440,256,374,,
1696464000.0,10/5/2023,582,780,751,695,184,269,246,360,,
1696550400.0,10/6/2023,766,713,788,693,242,354,225,329,,
1696636800.0,10/7/2023,806,630,810,710,255,373,199,291,,
1696723200.0,10/8/2023,1399,528,846,672,442,646,167,244,,
1696809600.0,10/9/2023,625,524,821,661,198,289,165,242,,
1696896000.0,10/10/2023,667,694,795,660,211,308,219,321,,
1696982400.0,10/11/2023,987,448,799,606,312,456,141,207,,
1697068800.0,10/12/2023,465,372,773,545,147,215,118,172,,
1697155200.0,10/13/2023,373,367,698,496,118,172,116,170,,
1697241600.0,10/14/2023,420,395,636,464,133,194,125,183,,
1697328000.0,10/15/2023,438,350,539,438,138,202,111,162,,
1697414400.0,10/16/2023,634,314,540,407,200,293,99,145,,
1697500800.0,10/17/2023,425,468,506,384,134,196,148,216,,
1697587200.0,10/18/2023,154,390,388,377,49,71,123,180,,
1697673600.0,10/19/2023,317,460,367,389,100,146,145,212,,
1697760000.0,10/20/2023,316,549,359,412,100,146,173,254,,
1697846400.0,10/21/2023,407,442,357,418,129,188,140,204,,
1697932800.0,10/22/2023,385,315,351,412,122,178,100,146,,
1698019200.0,10/23/2023,420,407,331,428,133,194,129,188,,
1698105600.0,10/24/2023,455,329,334,407,144,210,104,152,,
1698192000.0,10/25/2023,445,475,388,418,140,205,150,219,,
1698278400.0,10/26/2023,541,402,419,411,171,250,127,186,,
1698364800.0,10/27/2023,340,329,424,382,107,157,104,152,,
1698451200.0,10/28/2023,405,372,423,372,128,187,117,172,,
1698537600.0,10/29/2023,718,277,463,365,227,332,87,128,,
1698624000.0,10/30/2023,377,667,456,392,119,174,211,308,,
1698710400.0,10/31/2023,438,366,453,398,139,203,116,169,,
1698796800.0,11/1/2023,309,481,430,399,97,143,152,222,,
1698883200.0,11/2/2023,386,431,410,403,122,178,136,199,,
1698969600.0,11/3/2023,322,193,407,373,102,149,61,89,,
1699056000.0,11/4/2023,275,230,385,348,87,127,73,106,,
1699142400.0,11/5/2023,427,272,357,347,135,197,86,126,,
1699228800.0,11/6/2023,330,268,351,305,104,152,85,124,,
1699315200.0,11/7/2023,212,183,316,276,67,98,58,85,,
1699401600.0,11/8/2023,636,372,350,266,201,294,118,172,,
1699488000.0,11/9/2023,462,390,360,263,146,213,123,180,,
1699574400.0,11/10/2023,860,287,414,278,272,398,91,132,,
1699660800.0,11/11/2023,409,296,438,288,129,189,93,137,,
1699747200.0,11/12/2023,708,373,471,301,224,327,118,172,,
1699833600.0,11/13/2023,493,256,498,299,156,228,81,118,,
1699920000.0,11/14/2023,375,1767,541,414,118,173,558,816,,
1700006400.0,11/15/2023,1099,424,585,422,347,508,134,196,,
1700092800.0,11/16/2023,531,468,596,433,168,245,148,216,,
1700179200.0,11/17/2023,569,418,562,457,180,263,132,193,,
1700265600.0,11/18/2023,604,315,595,461,191,279,99,145,,
1700352000.0,11/19/2023,460,387,559,463,145,213,122,179,,
1700438400.0,11/20/2023,371,188,537,443,117,172,59,87,,
1700524800.0,11/21/2023,883,434,607,363,279,408,137,200,,
1700611200.0,11/22/2023,460,380,536,357,145,213,120,176,,
1700697600.0,11/23/2023,668,325,554,339,211,308,103,150,,
1700784000.0,11/24/2023,538,608,549,358,170,249,192,281,,
1700870400.0,11/25/2023,876,601,579,392,277,405,190,278,,
1700956800.0,11/26/2023,1049,498,651,407,332,485,157,230,,
1701043200.0,11/27/2023,851,557,733,475,269,393,176,257,,
1701129600.0,11/28/2023,718,440,712,476,227,332,139,203,,
1701216000.0,11/29/2023,891,588,783,506,282,412,186,272,,
1701302400.0,11/30/2023,1096,791,840,575,346,507,250,365,,
1701388800.0,12/1/2023,675,750,868,592,213,312,237,346,,
1701475200.0,12/2/2023,981,677,882,602,310,453,214,313,,
1701561600.0,12/3/2023,955,617,870,621,302,441,195,285,,
1701648000.0,12/4/2023,1036,943,895,669,327,479,298,435,,
1701734400.0,12/5/2023,824,799,913,729,260,381,253,369,,
1701820800.0,12/6/2023,689,966,880,783,218,318,305,446,,
1701907200.0,12/7/2023,995,1081,868,818,314,460,341,499,,
1701993600.0,12/8/2023,961,618,912,796,304,444,195,285,,
1702080000.0,12/9/2023,937,923,907,832,296,433,292,427,,
1702166400.0,12/10/2023,1155,892,932,877,365,534,282,412,,
1702252800.0,12/11/2023,1172,877,948,868,370,541,277,405,,
1702339200.0,12/12/2023,654,964,917,892,207,302,305,445,,
1702425600.0,12/13/2023,1138,1417,985,942,359,526,448,655,,
1702512000.0,12/14/2023,1709,1091,1065,943,540,789,345,504,,
1702598400.0,12/15/2023,2280,1367,1204,1057,720,1053,432,632,,
1702684800.0,12/16/2023,1446,990,1281,1067,457,668,313,457,,
1702771200.0,12/17/2023,1686,1025,1353,1089,533,779,324,473,,
1702857600.0,12/18/2023,1772,1089,1435,1123,560,819,344,503,,
1702944000.0,12/19/2023,1458,1176,1609,1155,461,674,372,543,,
1703030400.0,12/20/2023,1341,1252,1647,1135,424,619,396,578,,
1703116800.0,12/21/2023,1463,1198,1611,1150,462,676,379,554,,
1703203200.0,12/22/2023,2118,2214,1594,1232,669,978,700,1023,,
1703289600.0,12/23/2023,1983,1675,1668,1328,627,916,529,774,,
1703376000.0,12/24/2023,2173,1769,1729,1436,687,1004,559,817,,
1703462400.0,12/25/2023,1877,2115,1744,1579,593,867,668,977,,
1703548800.0,12/26/2023,3094,3689,1942,1859,978,1429,1166,1705,,
1703635200.0,12/27/2023,2257,2780,2092,2084,713,1043,878,1284,,
1703721600.0,12/28/2023,3117,2810,2330,2353,985,1440,888,1298,,
1703808000.0,12/29/2023,2021,2013,2315,2322,639,934,636,930,,
1703894400.0,12/30/2023,2097,2523,2333,2462,663,969,797,1166,,
1703980800.0,12/31/2023,2391,2320,2365,2559,756,1105,733,1072,,
1704067200.0,1/1/2024,3479,3443,2583,2743,1099,1607,1088,1591,,
1704153600.0,1/2/2024,1822,2428,2395,2584,576,842,767,1122,,
1704240000.0,1/3/2024,1876,2411,2332,2532,593,867,762,1114,,
1704326400.0,1/4/2024,1710,1813,2141,2378,540,790,573,837,,
1704412800.0,1/5/2024,1631,1780,2076,2337,516,754,563,822,,
1704499200.0,1/6/2024,2041,1764,2068,2220,645,943,557,815,,
1704585600.0,1/7/2024,1387,1295,1913,2043,438,641,409,598,,
1704672000.0,1/8/2024,1599,1222,1712,1762,505,739,386,565,,
1704758400.0,1/9/2024,1288,1184,1630,1590,407,595,374,547,,
1704844800.0,1/10/2024,1428,1262,1567,1450,451,660,399,583,,
1704931200.0,1/11/2024,1252,1270,1499,1378,396,579,401,587,,
1705017600.0,1/12/2024,963,1076,1390,1283,304,445,340,497,,
1705104000.0,1/13/2024,1136,802,1279,1146,359,525,253,371,,
1705190400.0,1/14/2024,875,977,1197,1101,276,404,309,451,,
1705276800.0,1/15/2024,1230,1091,1153,1083,389,568,345,504,,
1705363200.0,1/16/2024,1070,812,1123,1026,338,494,257,375,,
1705449600.0,1/17/2024,983,716,1065,946,311,454,226,331,,
1705536000.0,1/18/2024,921,1178,1019,936,291,426,372,544,,
1705622400.0,1/19/2024,1266,852,1060,905,400,585,269,394,,
1705708800.0,1/20/2024,1284,904,1078,921,406,593,286,418,,
1705795200.0,1/21/2024,1057,866,1108,905,334,488,274,400,,
1705881600.0,1/22/2024,1369,1155,1125,913,433,632,365,534,,
1705968000.0,1/23/2024,993,1127,1113,956,314,459,356,521,,
1706054400.0,1/24/2024,911,1531,1101,1066,288,421,484,707,,
1706140800.0,1/25/2024,820,911,1083,1028,259,379,288,421,,
1706227200.0,1/26/2024,1009,901,1048,1036,319,466,285,416,,
1706313600.0,1/27/2024,1210,591,1039,975,382,559,187,273,,
1706400000.0,1/28/2024,1054,753,1039,956,333,487,238,348,,
1706486400.0,1/29/2024,1016,786,996,905,321,469,248,363,,
1706572800.0,1/30/2024,1060,1044,1005,895,335,490,330,482,,
1706659200.0,1/31/2024,1178,915,1043,831,372,544,289,423,,
1706745600.0,2/1/2024,613,1022,1000,845,194,283,323,472,,
1706832000.0,2/2/2024,3470,947,1193,851,1097,1603,299,438,,
1706918400.0,2/3/2024,1257,879,1200,901,397,581,278,406,,
1707004800.0,2/4/2024,1404,1092,1250,950,444,649,345,505,,
1707091200.0,2/5/2024,1126,870,1268,964,356,520,275,402,,
1707177600.0,2/6/2024,1036,732,1264,916,327,479,231,338,,
1707264000.0,2/7/2024,920,899,1220,914,291,425,284,416,,
1707350400.0,2/8/2024,772,1114,1261,925,244,357,352,515,,
1707436800.0,2/9/2024,794,880,1022,915,251,367,278,407,,
1707523200.0,2/10/2024,1423,1061,1040,940,450,657,335,490,,
1707609600.0,2/11/2024,1114,828,1006,904,352,514,262,382,,
1707696000.0,2/12/2024,1091,622,1001,862,345,504,196,287,,
1707782400.0,2/13/2024,757,461,958,806,239,350,146,213,,
1707868800.0,2/14/2024,513,758,881,787,162,237,240,350,,
1707955200.0,2/15/2024,789,895,884,763,249,365,283,414,,
1708041600.0,2/16/2024,1211,672,939,734,383,559,212,310,,
1708128000.0,2/17/2024,779,502,861,659,246,360,159,232,,
1708214400.0,2/18/2024,687,536,804,620,217,317,169,248,,
1708300800.0,2/19/2024,585,549,735,609,185,270,173,254,,
1708387200.0,2/20/2024,607,483,712,613,192,281,153,223,,
1708473600.0,2/21/2024,572,508,724,579,181,264,160,235,,
1708560000.0,2/22/2024,612,462,698,527,193,283,146,214,,
1708646400.0,2/23/2024,921,472,671,501,291,426,149,218,,
1708732800.0,2/24/2024,737,532,666,505,233,340,168,246,,
1708819200.0,2/25/2024,630,492,658,499,199,291,156,228,,
1708905600.0,2/26/2024,651,398,668,476,206,301,126,184,,
1708992000.0,2/27/2024,575,461,663,473,182,265,146,213,,
1709078400.0,2/28/2024,491,647,648,490,155,227,205,299,,
1709164800.0,2/29/2024,477,471,625,491,151,220,149,218,,
1709251200.0,3/1/2024,1175,579,648,506,371,543,183,268,,
1709337600.0,3/2/2024,409,334,595,474,129,189,106,154,,
1709424000.0,3/3/2024,397,265,557,434,126,184,84,123,,
1709510400.0,3/4/2024,575,243,548,404,182,265,77,112,,
1709596800.0,3/5/2024,530,341,541,387,167,245,108,157,,
1709683200.0,3/6/2024,391,620,524,384,124,181,196,286,,
1709769600.0,3/7/2024,438,2546,518,489,139,203,805,1176,,
1709856000.0,3/8/2024,424,404,448,465,134,196,128,187,,
1709942400.0,3/9/2024,404,429,447,481,128,187,135,198,,
1710028800.0,3/10/2024,564,360,470,503,178,261,114,166,,
1710115200.0,3/11/2024,447,407,453,541,141,206,128,188,,
1710201600.0,3/12/2024,468,402,445,554,148,216,127,186,,
1710288000.0,3/13/2024,356,358,439,513,112,164,113,165,,
1710374400.0,3/14/2024,395,325,433,382,125,182,103,150,,
1710460800.0,3/15/2024,444,293,435,365,140,205,93,135,,
1710547200.0,3/16/2024,535,250,453,338,169,247,79,115,,
1710633600.0,3/17/2024,576,275,455,325,182,266,87,127,,
1710720000.0,3/18/2024,612,451,475,330,193,283,142,208,,
1710806400.0,3/19/2024,492,256,479,309,156,227,81,118,,
1710892800.0,3/20/2024,503,257,503,295,159,233,81,119,,
1710979200.0,3/21/2024,406,289,505,290,128,188,91,134,,
1711065600.0,3/22/2024,473,500,510,313,150,219,158,231,,
1711152000.0,3/23/2024,590,422,517,337,186,273,133,195,,
1711238400.0,3/24/2024,655,378,527,353,207,303,119,175,,
1711324800.0,3/25/2024,655,532,532,361,207,303,168,246,,
1711411200.0,3/26/2024,494,389,532,384,156,228,123,180,,
1711497600.0,3/27/2024,418,511,518,423,132,193,162,236,,
1711584000.0,3/28/2024,297,366,496,438,94,137,116,169,,
1711670400.0,3/29/2024,,,,,,,,,,
1711756800.0,3/30/2024,,,,,,,,,,
1711843200.0,3/31/2024,,,,,,,,,,
1711929600.0,4/1/2024,,,,,,,,,,
1712016000.0,4/2/2024,,,,,,,,,,
1712102400.0,4/3/2024,,,,,,,,,,
1712188800.0,4/4/2024,,,,,,,,,,
1712275200.0,4/5/2024,,,,,,,,,,
1712361600.0,4/6/2024,,,,,,,,,,
1712448000.0,4/7/2024,,,,,,,,,,
